검색어,주소
제주전복치킨 제주신화월드본점,제주 서귀포시 안덕면 녹차분재로 39 제주전복치킨
제주광추,제주 서귀포시 대정읍 노을해안로 708
고바치,제주 서귀포시 대정읍 무영로254번길 21-1 1-2층
알돈가,제주 제주시 한경면 연명로 543
빽다방 제주한경면수월봉점,제주 제주시 한경면 고산서3길 1 가동 103호
카페파람,제주 제주시 한경면 한경해안로 470
혼디인2714 감귤체험카페,제주 제주시 한경면 고조로 402
청수청년곱창,제주 제주시 한경면 연명로 344 청수 청년곱창
크래커스 한경점,제주 제주시 한경면 낙수로 1
클랭블루 제주,제주 제주시 한경면 한경해안로 552-22
카페데스틸,제주 제주시 한경면 한경해안로 110 카페데스틸
웨스트그라운드,제주 제주시 한경면 신한로 183-16 웨스트그라운드
짚불도 제주판포점,제주 제주시 한경면 판포1길 6 1층 12호
후우,제주 제주시 한경면 칠전로 145 카페 후우
곡간,제주 제주시 한경면 두신로 85 B동
제주베지스,제주 제주시 한경면 녹차분재로 568 1층 제주 베지스
서리논식당,제주 제주시 한경면 신한로 185
용수씨,제주 제주시 한경면 한경해안로 254 1층
산노루 제주,제주 제주시 한경면 낙원로 32 산노루
카페 온결,제주 제주시 한경면 일주서로 4428 1층
해안,제주 제주시 한경면 한경해안로 136 1층 2층
단당류,제주 제주시 한경면 녹차분재로 514 단당류
제주돌창고,제주 제주시 한경면 조수7길 8
당산봉식당,제주 제주시 한경면 고산로 59 당산봉식당
두모밤,제주 제주시 한경면 두모11길 51 1층 Pub 두모밤
가보카,제주 제주시 한경면 명이2길 31
숨비식탁,제주 제주시 한경면 낙수로 21 1층
청보리모듬생선구이,제주 제주시 한경면 중산간서로 3700 1층
제주어부횟집,제주 제주시 한경면 용고로 119 1층
핀토르,제주 제주시 한경면 저지10길 2 핀토르
모몽 더 티하우스,제주 제주시 한경면 신한로 10 모몽 더 티하우스
또또공간,제주 제주시 한경면 연명로 467 또또공간
하이헬로블루 차귀도,제주 제주시 한경면 노을해안로 1143 1층
8월의중식,제주 제주시 한경면 두신로 68 1층 아방도르다
발리가든,제주 제주시 한경면 신정로 216
제주도란다,제주 제주시 한경면 한경해안로 502-3 1층
육거리식당,제주 제주시 한경면 용고로 85
소요제주,제주 제주시 한경면 홍수암로 575
코삿호다,제주 제주시 한경면 일주서로 4533-19 제1동 1층 코삿호다
카페리나,제주 제주시 한경면 용고로 77 1층 카페리나
생각하는정원갈치식당,제주 제주시 한경면 녹차분재로 675 675
웨스트311,제주 제주시 한경면 청수동4길 80 제1동 1층
고마루,제주 제주시 한경면 고산로1길 1
바다를본돼지 제주협재판포점,제주 제주시 한경면 판포1길 16 1층 바다를본돼지 제주협재판포점
한양동식당,제주 제주시 한경면 용금로 501 한양동뷔페
뚱보아저씨,제주 제주시 한경면 중산간서로 3651
울트라마린 제주,제주 제주시 한경면 일주서로 4611
데미안,제주 제주시 한경면 고조로 492-15
마루나키친,제주 제주시 한경면 금등4길 11 마루나키친
제주할망밥상 차귀도점,제주 제주시 한경면 노을해안로 1142 2층
줄라이앤어거스트,제주 제주시 한경면 낙원로 93
풍차와 전복,제주 제주시 한경면 두모5길 59 1층
하소로커피,제주 제주시 한경면 불그못로 72 하소로커피
모살왓가든,"제주 제주시 한경면 두신로 21-28 (한경면 신창리, 신창풍차해안도로 초입)"
명리동식당 본점,제주 제주시 한경면 녹차분재로 498 명리동식당
한경가든,제주 제주시 한경면 노을해안로 1259 1층 한경가든
종배네,제주 제주시 한경면 고락로 2 1층
올레집,제주 제주시 한경면 중산간서로 3681
모두의제주,제주 제주시 한경면 일주서로 4459-10 1F
즈물,제주 제주시 한경면 청수서4길 24 즈물
페쪼 협재판포포구점,제주 제주시 한경면 일주서로 4459-4 페쪼
빈BEAN2020,제주 제주시 한경면 한경해안로 120 1층
웃뜨르항아리,제주 제주시 한경면 중산간서로 3705
푸지그랑,제주 제주시 한경면 녹차분재로 542 1층
제주돗,제주 제주시 한경면 조수2길 34
금자매식당,제주 제주시 한경면 용고로 154 1층
재미제주,제주 제주시 한경면 용당길 88 1층
밭담호박,제주 제주시 한경면 두신로 45 1층
싱게물보말칼국수,제주 제주시 한경면 한경해안로 360 1층
연리지 가든,제주 제주시 한경면 두조로 190-20
양가형제,제주 제주시 한경면 청수동8길 3
메가MGC커피 제주저지점,제주 제주시 한경면 저지8길 2-1 1층
저지면옥,제주 제주시 한경면 녹차분재로 571 1층
꼬떼웨스트,제주 제주시 한경면 대한로 800-2 1층
저지해장국 저지포차,제주 제주시 한경면 중산간서로 3632 저지해장국
돈카춘 제주협재판포점,제주 제주시 한경면 두신로 122 1층
유람위드북스,제주 제주시 한경면 조수동2길 54-36
골든망고 신창풍차해안본점,제주 제주시 한경면 한경해안로 485 골든망고 신창풍차해안본점
노고롯1985,제주 제주시 한경면 한원복길 32 두모리574-3
신창풍차해안도로싱계물휴게소오징어덕장,제주 제주시 한경면 한경해안로 502 1층
풍차로 가는 길,제주 제주시 한경면 한경해안로 502-3 풍차로가는길
로비,제주 제주시 한경면 신한로 217-38 카페 로비
바다제주한상 신화월드점,제주 제주시 한경면 녹차분재로 624 1층
제피로스,"제주 제주시 한경면 한경해안로 93-32 1층 제1, 2호"
"고산의 낮 , 고산의 밤",제주 제주시 한경면 고산로 26-1
한라당몰국수,제주 제주시 한경면 중산간서로 3645
우호적무관심,제주 제주시 한경면 저지12길 103
내가여기서이걸할줄몰랐다2,제주 제주시 한경면 한경해안로 563-2 1동 1층
찰리아저씨맛집,제주 제주시 한경면 용고로 118-2 찰리아저씨맛집
사이,제주 제주시 한경면 용금로 440 1층
그린사이공,제주 제주시 한경면 두신로 38 1층
제주접짝뼈국,제주 제주시 한경면 두신로 145
테이크타임커피로스터스,제주 제주시 한경면 한경해안로 552-21 1층
퐁당라면,제주 제주시 한경면 일주서로 4533-3 퐁당라면
수리코 Surico,제주 제주시 한경면 조수설목1길 8
벤드리,제주 제주시 한경면 노을해안로 1195 1층
더족꾼 신창풍차마을점,제주 제주시 한경면 두신로 74-1 1층
이립,제주 제주시 한경면 청수로 82-10 2층
엄블랑짬뽕,제주 제주시 한경면 칠전로 148
제주탐나도다,제주 제주시 한경면 두조로 260 탐나도다
제주오름과바당,제주 제주시 한경면 녹차분재로 531
해인 본점,제주 제주시 한경면 낙수로 41 1층
안녕구움,제주 제주시 한경면 고산로 49 안녕구움
와랑식탁,제주 제주시 한경면 한경해안로 512-8 1층
피자굽는돌하르방,제주 제주시 한경면 청수로 218
정성식당,제주 제주시 한경면 신한로 88 정성식당
만남가든 한식뷔페,제주 제주시 한경면 녹차분재로 574
판포그때그집 제주협재판포점,제주 제주시 한경면 판포1길 44-1 판포그때그집 제주협재판포점
그린구름,제주 제주시 한경면 한경해안로 474-22 그린구름
저지오름반점,제주 제주시 한경면 중산간서로 3649
스시회관,제주 제주시 한경면 연명로 8
돈와랑,제주 제주시 한경면 녹차분재로 509
소리원 저지점,제주 제주시 한경면 중산간서로 3679
릇,제주 제주시 한경면 녹차분재로 526
결,제주 제주시 한경면 중산간서로 3721 1층
3인칭관찰자시점,제주 제주시 한경면 신창7길 24
묘한식당,제주 제주시 한경면 녹차분재로 601
사랑식당,제주 제주시 한경면 두신로 46
패스더솔트,제주 제주시 한경면 청수로 82-10 1층
하와,제주 제주시 한경면 일주서로 4533-9 하와
미레이나,제주 제주시 한경면 두모3길 17 전층
길동무,제주 제주시 한경면 중산간서로 3689 길동무
옛날국수갤러리,제주 제주시 한경면 고산로 73
만덕본가,제주 제주시 한경면 노을해안로 1163 1층
산세라,제주 제주시 한경면 중산간서로 3669
달아래팥,제주 제주시 한경면 낙수로 148
판포리아,제주 제주시 한경면 일주서로 4533-19 판포리아 1층
장어창고 제주점,제주 제주시 한경면 두신로 146
스모프치킨 고산점,제주 제주시 한경면 고락로 13-1
뿌떡,제주 제주시 한경면 용수1길 4 뿌떡
더애월 저지점,제주 제주시 한경면 저지12길 99
베이글연구소,제주 제주시 한경면 한원남길 188-49 베이글연구소
지서개식당,제주 제주시 한경면 한경해안로 77
열두달,제주 제주시 한경면 용수길 37 열두달
제주친정,제주 제주시 한경면 중산간서로 3594 제주친정
꺼멍연탄구이 신화월드점,제주 제주시 한경면 명이5길 4 꺼멍연탄구이
수월봉가마솥순대국,제주 제주시 한경면 고산서2길 18 수월봉 가마솥 순대국
유명제과,제주 제주시 한경면 고산로 26 한경면 고산우체국 사거리 유명제과
프레스드라이버,제주 제주시 한경면 녹차분재로 505-2 프레스드라이버
뉴저지김밥,제주 제주시 한경면 중산간서로 3678
홍수영,제주 제주시 한경면 중산간서로 3664 1층
스위트몽키 카페,제주 제주시 한경면 산양6길 6-9 스위트몽키 카페
파울로식당,제주 제주시 한경면 중산간서로 3678 1층
청수미방,제주 제주시 한경면 낙수로 271-18
브레들리제주,제주 제주시 한경면 녹차분재로 525 1층
제주돔베막국수,제주 제주시 한경면 고산로 35
땡큐브레드앤숲,제주 제주시 한경면 저지12길 9
하프,제주 제주시 한경면 두신로 92-7 1층
카페 고와리,제주 제주시 한경면 용금로 864
카페봄봄 제주한경점,제주 제주시 한경면 두신로 118 1층
마돈가제트,제주 제주시 한경면 두모11길 51 2층
명희식당,제주 제주시 한경면 녹차분재로 626
명동식도락,제주 제주시 한경면 녹차분재로 530 명동식도락
비금 식당,제주 제주시 한경면 고산서1길 8
요이땅삐삐,제주 제주시 한경면 고산로 19
제주 모퉁이돌,제주 제주시 한경면 신한로 12
예평 제주점,제주 제주시 한경면 저지14길 23-4 2층
귤당리 제주협재판포점,제주 제주시 한경면 일주서로 4492 신창풍차해안도로 귤당리 제주협재판포점
뚜신빵집,제주 제주시 한경면 두신로 63 1층
판포어촌계펜션식당,제주 제주시 한경면 일주서로 4542 1층
BHC치킨 제주저지점,제주 제주시 한경면 용금로 859
차이나리,제주 제주시 한경면 고산로 70 1층
몽데,제주 제주시 한경면 청수동8길 4 에이동 1층 카페 몽데
두모리이수사,제주 제주시 한경면 두신로 112
청은국수,제주 제주시 한경면 두신로 70
유미해장국,제주 제주시 한경면 두신로 69 유미해장국
세가름식당,제주 제주시 한경면 신한로 20
웨스트버거 인 제주,제주 제주시 한경면 용당길 165 1층
헤이피피 협재판포점,제주 제주시 한경면 일주서로 4533-3 헤이피피
브래드핏 제주,제주 제주시 한경면 판포중1길 23 1층
더크러스트,제주 제주시 한경면 홍수암로 555 더크러스트
슈가램프,제주 제주시 한경면 고산로 65-5 슈가램프
디디씨치킨 신창점,제주 제주시 한경면 두신로 76 1층
야미부대찌개,제주 제주시 한경면 녹차분재로 621
닥몰해장국,제주 제주시 한경면 중산간서로 3622 1층1호
재흥각,제주 제주시 한경면 중산간서로 3690 1층
비더커피,제주 제주시 한경면 낙조길 178-45 1동 1층
컴포즈커피 제주저지점,제주 제주시 한경면 녹차분재로 525
카페묵담,제주 제주시 한경면 금등대안3길 42-10
제주꼬끼오,제주 제주시 한경면 두신로 39 1층
해문달술,제주 제주시 한경면 노을해안로 1174 1층
띠크,제주 제주시 한경면 두신로 73 1층
웨스트사이드,제주 제주시 한경면 두신로 149
동희네,제주 제주시 한경면 두모5길 26-13 1동1층
자매식당,제주 제주시 한경면 고산로 4
노랑통닭 제주한경점,제주 제주시 한경면 산양4길 38 1층
수담집 본점,제주 제주시 한경면 칠전로 133 1층
뚜레쥬르 제주한경점,제주 제주시 한경면 신한로 1 1층
초록지붕,제주 제주시 한경면 연명로 509 카페 초록지붕
그 해 여름,제주 제주시 한경면 홍수암로 568
모두아,제주 제주시 한경면 고산로 20
쓰쓰카페,제주 제주시 한경면 성굴로 34-6 쓰쓰카페
찰리아저씨,제주 제주시 한경면 용고로 118-2 찰리 아저씨
카페연우,제주 제주시 한경면 노을해안로 978
카페 노을숲,제주 제주시 한경면 한경해안로 240
에이치오버에이치,제주 제주시 한경면 녹차분재로 502
조수리순이네집밥,제주 제주시 한경면 불그못로 79
돔베고기 닭칼국수,제주 제주시 한경면 녹차분재로 603 1층 돔베고기 닭칼국수
반디왓,제주 제주시 한경면 청수동7길 51 1층
오거트,제주 제주시 한경면 산양4길 27-2 1층 상가
술술,제주 제주시 한경면 두신로 99 1층
쉐프의주방,제주 제주시 한경면 연명로 344 1층
만인정,제주 제주시 한경면 두신로 58
웃뜨르밥상,제주 제주시 한경면 연명로 2 1층 2호
카페담담,제주 제주시 한경면 저지12길 60
이제,제주 제주시 한경면 중산간서로 3536 1층 카페 이제
농부와돌집,제주 제주시 한경면 중산간서로 3285
스마일꽈배기,제주 제주시 한경면 녹차분재로 622
무뚱,제주 제주시 한경면 중산간서로 3276 가동 1층
아파트먼트커피,제주 제주시 한경면 청수서2길 96
스마일꽈배기,제주 제주시 한경면 녹차분재로 622
빵집오빠 제주 한경점,제주 제주시 한경면 용고로 78
판포모밀,제주 제주시 한경면 판포4길 15-1
1번가두마리치킨,제주 제주시 한경면 고조로 51 101호
스시설록,제주 제주시 한경면 녹차분재로 607 1층 스시설록
신수카페,제주 제주시 한경면 고락로 180-6
카페마노앤디또 신창점,제주 제주시 한경면 신한로 17 1층
해거름전망대카페,제주 제주시 한경면 판포리 1608
인설해장국,제주 제주시 한경면 낙수로 40
에그플랜트 협재 판포 점,제주 제주시 한경면 판포4길 41-41 1층 에그플랜트 제주
강스피자,제주 제주시 한경면 고락로 13
부엌브런치,제주 제주시 한경면 용수3길 29 1층 카페 건물
올레몽키푸드,제주 제주시 한경면 녹차분재로 601 1층 101호
어박사회센터,제주 제주시 한경면 중산간서로 3647 1층
뽕글랑밥집,제주 제주시 한경면 두신로 39 2동 1층
붉은 못 고기집,제주 제주시 한경면 칠전로 349-1 1동 1층
백일식당,제주 제주시 한경면 두신로 88
고산함지박,제주 제주시 한경면 고락로 4 고산함지박
카페 라벤더블루,제주 제주시 한경면 노을해안로 1166 파란창문 1층
정자네 돼지국밥,제주 제주시 한경면 두모1길 2
춤추는짜장,제주 제주시 한경면 일주서로 4187
비냐스테,제주 제주시 한경면 낙수로 275 102호
카페기지,제주 제주시 한경면 저지12길 73-1
곶자왈보석상자,제주 제주시 한경면 청수서4길 29-10
베이비리프캠프,제주 제주시 한경면 녹차분재로 354 1층
비파인,제주 제주시 한경면 두조로 367-17 1동
바람과언덕,제주 제주시 한경면 노을해안로 1203-4
어기여차 저지점,제주 제주시 한경면 녹차분재로 567-8 어기여차 저지점
수월봉별난횟집,제주 제주시 한경면 노을해안로 1150
차담제,"제주 제주시 한경면 고산로 28 1, 2층"
오랑주리혜원,제주 제주시 한경면 한원복길 16-5 1층 1호
투빅커피한경조수점,제주 제주시 한경면 용금로 501 1층 제1호
황금찹쌀꽈배기 제주고산점,제주 제주시 한경면 고산로 43
몬딱배지근,제주 제주시 한경면 녹차분재로 506 1층
쇼콜라포즈,제주 제주시 한경면 녹차분재로 502 1층
72공간,제주 제주시 한경면 고산로 34
카페서쪽하늘,제주 제주시 한경면 한장중길 24-3
테리아줄,"제주 제주시 한경면 일주서로 4533-19 테리아줄 1,2층"
수월봉콘핫도그,"제주 제주시 한경면 노을해안로 1164-1 1층, 2층"
시원하당,제주 제주시 한경면 판포1길 7-3 상가 1층
후니미니 the kitchen,제주 제주시 한경면 낙수로 145-16 가동
몽땅 신화월드점,제주 제주시 한경면 연명로 385 몽땅
신창코다리,제주 제주시 한경면 두신로 81
로보로봇,제주 제주시 한경면 한원남길 1
기윤네식당,제주 제주시 한경면 고조로 51
땡큐드라이버스튜디오,제주 제주시 한경면 고산로 29 2층
블레싱,제주 제주시 한경면 두신로 92-7 1층
일마레선셋,제주 제주시 한경면 한경해안로 342 일마레선셋
오름화덕피자&원두커피,제주 제주시 한경면 중산간서로 3662
성안식당,제주 제주시 한경면 고산로 24
핑거스핫도그,제주 제주시 한경면 일주서로 4525 1층
뼈가네,제주 제주시 한경면 칠전로 140
조수국민학교박물관카페,제주 제주시 한경면 용금로 449 라동 1층
모닥불,제주 제주시 한경면 두모1길 24-4 골목안 돌집
덕성루,제주 제주시 한경면 저지12길 62-3 나동 1층
몽생이,제주 제주시 한경면 녹차분재로 628
젠틀리조트 카페,제주 제주시 한경면 일주서로 4010-2
들꽃정원,제주 제주시 한경면 판포1길 37
카페오트,제주 제주시 한경면 녹차분재로 672 2동 2호
제주낭그늘,제주 제주시 한경면 낙수로 97
뼈대장,제주 제주시 한경면 중산간서로 3647 1층
성김대건신부님순례길쉼터,제주 제주시 한경면 칠전로 1
마라힐링,제주 제주시 한경면 중산간서로 3594
CAFE&PUB 바람과노을,"제주 제주시 한경면 노을해안로 1150 1, 2 층"
337흑돼지,제주 제주시 한경면 고산로 39
별아래 카페&게스트하우스,제주 제주시 한경면 한장중길 14
플레이모두,제주 제주시 한경면 일주서로 4459-10 2층
넝쿨담쟁이,제주 제주시 한경면 고산로 32 넝쿨담쟁이
행복오뚜기식당,제주 제주시 한경면 고산로 18
아리아,제주 제주시 한경면 노을해안로 1174-1
넝쿨담쟁이,제주 제주시 한경면 고산로 32 넝쿨담쟁이
카페올린,제주 제주시 한경면 판조로 253-6 카페올린
비즘카페,제주 제주시 한경면 녹차분재로 552 101호
고관심해장국,제주 제주시 한경면 용고로 86
차귀도식당,제주 제주시 한경면 노을해안로 1150 1층
미식가,제주 제주시 한경면 노을해안로 1146
카페꼬닥꼬닥,제주 제주시 한경면 판포중2길 5-2 카페 꼬닥꼬닥
에밀리가든,제주 제주시 한경면 녹차분재로 609 101동 1층 104호
더조은치킨,제주 제주시 한경면 고산로 38-1
배터져샤브샤브,제주 제주시 한경면 칠전로 133 1층
서담갤러리카페,제주 제주시 한경면 저지12길 102 서담미술관 1층
제주역,제주 제주시 한경면 노을해안로 1171
아리아커피,제주 제주시 한경면 노을해안로 1174
블루로즈 553,제주 제주시 한경면 홍수암로 553 블루로즈553
저지가주,제주 제주시 한경면 중산간서로 3678 1층
보리갈비,제주 제주시 한경면 두모1길 1
비비도따,제주 제주시 한경면 용금로 995
일마레 가든 앤 스테이,제주 제주시 한경면 고조로 105 일마레 가든 앤 스테이
생각하는 정원카페,제주 제주시 한경면 녹차분재로 675
카페청수리,제주 제주시 한경면 연명로 344
제주 밀라네사 뷔페,제주 제주시 매촌2길 78 URBANE 건물 1층 밀라네사 돈까스 뷔페 삼화지구점
에오마르,제주 제주시 선사로8길 13-6
스타벅스 제주삼화DT점,제주 제주시 연삼로 884 (도련일동)
혀니케이크,제주 제주시 삼봉로 57 1층
목새,제주 제주시 선사로8길 11 1층~2층
오병장,제주 제주시 벌랑길 8
메가MGC커피 삼화점,제주 제주시 건주로 33 1층 101호
황금닭갈비&장칼국수 삼화점,제주 제주시 화삼북로 56 2층
제주정낭집,제주 제주시 지석11길 6 제주정낭집
화성식당,제주 제주시 일주동로 383
써브웨이 제주삼화점,제주 제주시 삼봉로 63 1층
배스킨라빈스 제주삼화,제주 제주시 건주로 43 1층
롯데리아 제주삼화지구점,제주 제주시 건주로4길 6-4
보배반점 제주삼화점,제주 제주시 일주동로 331 1층
일품순두부삼화점,제주 제주시 삼봉로2길 54
펠롱펠롱,제주 제주시 건주로6길 62 펠롱펠롱
흑섬,제주 제주시 서흘1길 46 흑섬
윌리스,제주 제주시 지석15길 7 1층
삼봉로한중식뷔페,제주 제주시 삼봉로 47
카페덕자,제주 제주시 지석8길 13-22 401호
샤브마니아 제주삼화점,제주 제주시 건주로 72 1층
신짜우베트남쌀국수,제주 제주시 원당로3길 27 1층
게더 제주 삼양점,제주 제주시 감수북길 22 1층
진양 회 앤 초밥,제주 제주시 건주로4길 14-7
마당육,제주 제주시 건주로4길 14 1층
쌍팔련도삼화점,제주 제주시 건주로6길 56 1층
커브커피스토어,제주 제주시 벌랑6길 6 1층 커브커피스토어
호우코우,제주 제주시 감수북길 18 1층
피슈마라홍탕 삼양점,제주 제주시 건주로4길 30 1층
가마치통닭 제주삼화지구점,제주 제주시 건주로3길 11 103호
삼양금돼지,제주 제주시 서흘길 9 비치조아 1층
마리조아 본점,제주 제주시 삼봉로 99 1층
스콘가게끌림,제주 제주시 지석9길 35-1 1층
키코버거,제주 제주시 서흘길 19 1층
KFC 제주삼화,제주 제주시 건주로 66 피앤오빌딩 1층 KFC 제주삼화점
신마라본색 삼화점,제주 제주시 건주로2길 27-6 . 1층 106호
나풀,제주 제주시 선사로 36 1층
덤브치킨 제주삼화점,제주 제주시 건주로4길 6-1 1층 106호
신의한근,제주 제주시 원당로 44-1
감수촌,제주 제주시 지석13길 7
삼화포구,제주 제주시 서흘1길 26 삼화포구
아임파인,제주 제주시 지석8길 13-20
던킨 제주삼화점,제주 제주시 건주로4길 6-4 (도련일동) 상가동102호
제주풍년식당,제주 제주시 설촌로2길 3 1층상가
다가미 삼양점,제주 제주시 선사로8길 22
오사부양꼬치마라탕,제주 제주시 화삼북로 66
도련님갈비,제주 제주시 일주동로 375
핸즈커피 제주도련점,제주 제주시 도련남4길 7-6
제주화리,제주 제주시 감수북길 36
산지해장국 삼양점,제주 제주시 일주동로 332-1 1층
삼양장원,제주 제주시 일주동로 394
삼형제시골순대,"제주 제주시 선사로4길 3 1층, 삼형제시골순대"
씨투디,제주 제주시 선사로8길 79 1층
수원왕갈비,제주 제주시 지석4길 6
영하45삼양해수욕장점,제주 제주시 일주동로 417
미루네닭숯불구이 삼화점,제주 제주시 건주로4길 14-6
뚜레쥬르 제주도련점,제주 제주시 연삼로 974 1층
고운오리,제주 제주시 도련3길 43 1층
그로미제과,제주 제주시 삼봉로2길 62 1층 102동 그로미제과
빵장수단팥빵 제주삼화점,제주 제주시 화삼북로 67 1층
삼양백년짜장,제주 제주시 설촌로12길 36
경일낙지삼화점,제주 제주시 건주로 65 1층 101호
고향모밀촌,제주 제주시 일주동로 358 1층 고향모밀촌
우미지베이커리,제주 제주시 설촌로12길 22 . 1~2층(삼양이동)
머깨비네,제주 제주시 일주동로 324
다담해장국,제주 제주시 연삼로 878 1층
행복미가,제주 제주시 지석9길 18 1층
삼대장 삼화점,제주 제주시 건주로2길 27-6 1층
파파무베이커리,제주 제주시 건주로4길 6-1 골든트리건물 1층
코모커피,제주 제주시 건주로4길 6-1 108호 코모커피
제주정,제주 제주시 일주동로 320
삼양우숙이앤인생게장,제주 제주시 설촌로2길 23 1층
제주한족,제주 제주시 일주동로 386-1 1층 제주한족
이디야커피 제주삼화점,제주 제주시 건주로 66
빽다방 제주삼화부영점,제주 제주시 화삼북로 135 1층 빽다방
진양해장국,제주 제주시 지석10길 13
제주인짬뽕 삼화점,제주 제주시 지석12길 14
강윤구스시야,제주 제주시 화삼북로 135 2층
풍미원,제주 제주시 화삼북로 56 드림마트 2층
크로와상 제주빵집,제주 제주시 건주로 33
에이바우트커피 도련점,제주 제주시 건주로3길 11
카페노아,제주 제주시 서흘1길 24 카페노아
민박사봉평막국수 제주삼화점,제주 제주시 삼봉로 10
노가리앤비어 삼화,제주 제주시 건주로4길 10-4
삼양칼국수,제주 제주시 설촌로12길 24 1층
돈카름,제주 제주시 도련동길 21
순미네대구반고개무침회 삼화점,제주 제주시 일주동로 343 순미네
대풍해장국,제주 제주시 삼봉로 39 1층
삼화가츠우동,제주 제주시 건주로4길 34 1층 삼화가츠우동
옥이이모,제주 제주시 지석11길 13 옥이이모
원당골,제주 제주시 원당로 72
감성커피 제주삼화점,제주 제주시 지석13길 2-2 1층
한촌설렁탕 삼화점,제주 제주시 일주동로 285
제주왓썸,제주 제주시 설촌로10길 25 1층
BHC치킨 삼화점,제주 제주시 건주로4길 34
서흘포가든,제주 제주시 선사로6길 12
히읗커피,제주 제주시 건주로4길 24 1층
사케있슈,제주 제주시 건주로4길 6-1 201호 이자카야 사케있슈
모두락화로구이,제주 제주시 지석13길 3
소원식당,제주 제주시 일주동로 348 소원식당
아구식당,제주 제주시 일주동로 355 (삼양이동)
미쁨김밥,제주 제주시 삼봉로 113-2
오만과자점,제주 제주시 원당로3길 26 1층
삼양다방,제주 제주시 일주동로 387-1 삼양다방
한마음정육식당 제주삼화점,제주 제주시 건주로6길 42
신전떡볶이 삼화점,제주 제주시 화삼로 166
이도통닭 화북삼양점,제주 제주시 일주동로 349 1층
제주 곱들락 과일모찌,제주 제주시 화삼로 89 상가동 105호 부영8차 상가 버스정류장
공차 제주삼화점,제주 제주시 건주로 37 1층 공차 제주삼화점
카페인중독 제주삼화점,제주 제주시 건주로2길 27-6 1층
카페 셔링,제주 제주시 설촌로8길 23-1
스시산요,제주 제주시 원당로5길 36 1층 스시산요
꿀돼지,제주 제주시 건주로4길 6-1 2층
달퐁구움,제주 제주시 설촌로2길 6 101호
메이회전초밥,제주 제주시 건주로6길 50 1층 메이회전초밥
어부복지리,제주 제주시 선사로8길 85 . 1층(삼양일동)
일동국수,제주 제주시 원당로5길 25 1층
진성상회 삼화점,제주 제주시 건주로4길 34 1층 107호
롱블랙,제주 제주시 선사로8길 14 3층
제주또바기보말칼국수전문점,제주 제주시 선사로8길 83
12월,제주 제주시 삼봉로 134 1층 12월카페
두찜 제주삼화지구점,제주 제주시 삼양이동 일주동로 389
백채김치찌개 제주삼화점,제주 제주시 도련일동 건주로3길 19 1층
뉴봄봄김밥,제주 제주시 건주로4길 10-4 1층
솔트스톤골드점,제주 제주시 일주동로 331 S드레곤타워 솔트스톤골드
디어마이스윗 제주,제주 제주시 건주로4길 6-8 SH빌딩 2층 복도끝 204호
BBQ치킨 삼양해수욕장점,제주 제주시 선사로8길 49 1층
파리바게뜨 제주삼화점,제주 제주시 화삼북로 135 (삼양이동) 1층 파리바게뜨
땅스부대찌개 제주삼화점,제주 제주시 건주로4길 6-1 107호
안평식당,제주 제주시 선사로6길 15 안평식당
동막골 삼화점,제주 제주시 일주동로 341
교촌치킨 삼양화북점,제주 제주시 건주로6길 2 1층
파리바게뜨 삼화2지구점,제주 제주시 건주로 31 1층 파리바게뜨
고죽면 제주삼화점,제주 제주시 건주로4길 6-4
조셉마켓,제주 제주시 서흘길 64 (삼양일동) 1층
들꽃세상정식,제주 제주시 건주로4길 20-1 1층
벌랑포구,제주 제주시 벌랑길 61
역전할머니맥주 제주삼화점,제주 제주시 화삼북로 66
제주형제분식,제주 제주시 일주동로 382 1층(삼양이동)
맛집올레,제주 제주시 지석13길 9 101호
육계절 삼화점,제주 제주시 화삼북로 139 1층
해루,제주 제주시 지석12길 14 우리 주차상가105호
본죽&비빔밥 제주삼화점,제주 제주시 건주로 43 1층
이치진,제주 제주시 건주로 66 피앤오빌딩 1층
남가네설악추어탕 도련점,제주 제주시 삼봉로 134 1층
원당봉해장국,제주 제주시 연삼로 993-4
삼산감자탕,제주 제주시 선사로8길 70
더벤티 제주삼화점,제주 제주시 건주로4길 6-8 104호
쭈꾸미달인 제주삼화점,제주 제주시 화삼로 89 상가 104호
스마일 찰진 꽈배기,제주 제주시 서흘4길 1 1층스마일꽈배기
팔공티 제주삼양점,제주 제주시 일주동로 368
외도다해네 삼화점,제주 제주시 건주로 66 1층 106호
소문난돈갈비,제주 제주시 건주로4길 14-1 상가 1층
바르다김선생 제주삼화점,제주 제주시 건주로 37
용팔이막창 삼화점,제주 제주시 건주로4길 20 1층
돈순이,제주 제주시 건주로 73 1층
영자네해장국본점,제주 제주시 일주동로 355 삼양이동
자담치킨 제주삼화지구점,제주 제주시 건주로4길 20 1층
바다생각,제주 제주시 선사로8길 18 제주 제주시 선사로8길 18
제주남문숯불치킨 제주삼화점,제주 제주시 건주로4길 34 제주남문숯불치킨 제주삼화점
달콤한마카롱,제주 제주시 지석9길 34 1층
삼화반점,제주 제주시 건주로3길 11 1층
삼양다맛,제주 제주시 원당로7길 18
온스,제주 제주시 화삼북로 143 1층
동새벽김밥,제주 제주시 연삼로 978
이도시삼양,제주 제주시 감수북길 41 2층
맛짱김밥 삼양점,제주 제주시 일주동로 360-1
노랑통닭 제주 삼화점,제주 제주시 화삼북로 63 1층 101호
쥬씨 삼화점,제주 제주시 건주로4길 34 103호
카도돈카츠 도련점,제주 제주시 도련2길 4 2층
은화수식당 제주삼화점,제주 제주시 삼양이동 화삼로 166 상가동 101호
신촌불닭발 삼화점,제주 제주시 건주로4길 10-5
광평도새기촌 본점,제주 제주시 일주동로 380 1층
철가방,제주 제주시 지석8길 6
큰아들떡볶이 삼화점,제주 제주시 선사로8길 10-2
청춘감성쌀핫도그 제주삼화점,제주 제주시 화삼로 166 상가동 102호
부가네얼큰이 삼양점,제주 제주시 일주동로 390-1
오늘도 베이킹 하우스,제주 제주시 삼봉로 85 102호
원당해장국,제주 제주시 원당로 17
우영밭을감싼돌담,제주 제주시 지석13길 28 1층
연지정육식당,제주 제주시 삼봉로2길 66 1층 연지식당
서흘길맥,제주 제주시 서흘길 21 . 1층
한라생얼큰이 삼화점,제주 제주시 일주동로 366 1층
얼얼이불막창,제주 제주시 건주로4길 26
삼양양곱창,제주 제주시 설촌로 10 1층
해운대밀면,제주 제주시 지석2길 3 1층 103호
빵의정석,제주 제주시 일주동로 380-1
처갓집양념치킨 제주삼양점,제주 제주시 일주동로 378
자가제빵선명희피자 제주삼양화북점,제주 제주시 일주동로 372
오풍미족발 제주삼화점,제주 제주시 화삼북로 87 NHF 1단지 오풍미족발
달리는커피 제주삼화점,제주 제주시 화삼북로 90
BBQ치킨 제주삼화점,제주 제주시 화삼북로 143
원신식당,제주 제주시 벌랑1길 65
맛이아름다운빵집,제주 제주시 일주동로 370
번영로뷔페,제주 제주시 번영로 345 내트럭하우스 1층
송이축산정육식당 삼양점,"제주 제주시 지석4길 7 , 1층"
임사부국밥 삼화점,제주 제주시 설촌로 11 1층
고치글라,제주 제주시 일주동로 366
즐겨찾기,제주 제주시 매촌1길 18
홍해물탕,제주 제주시 선사로8길 34 1층
냉동고삼화점,제주 제주시 건주로4길 34 . 106호
굽네치킨 도련봉개점,제주 제주시 삼봉로 115 미듬하나로맨션 상가동 104호
후년하우스,제주 제주시 삼봉로 12
모들카페,제주 제주시 지석12길 14 104호
샐러드얌,제주 제주시 설촌로4길 23 1층
삼형제민재민형민준이네,제주 제주시 삼봉로 144
김가네 제주삼화점,제주 제주시 건주로 65
깐돌이분식,제주 제주시 지석14길 8
돈뜨락,제주 제주시 도련길 10
김경옥닭발,제주 제주시 일주동로 340 1층
찬미숯불갈비,제주 제주시 지석2길 13-4
삼화포크,제주 제주시 건주로4길 12
오자매분식카페,제주 제주시 건주로4길 10-1 1층
바당앞카페,제주 제주시 벌랑1길 49 바당앞카페
30년할매닭발 삼화점,제주 제주시 건주로4길 6-4 1층 108호 30년할매닭발 삼화점
맛있는소리,제주 제주시 삼봉로 150
청년피자 제주삼화점,제주 제주시 일주동로 362 1층
김복남맥주 삼화지구점,제주 제주시 화삼북로 143 1층
오름한줄,제주 제주시 건주로4길 10-4
카페봄봄 제주삼양점,제주 제주시 화삼로 167
도련한우식육식당,제주 제주시 삼봉로 211
냠냠분식,"제주 제주시 화삼로 110 상가동 107호, 냠냠분식"
몬스터아구해물찜 제주삼양점,제주 제주시 선사로8길 20
한치비곱창,제주 제주시 건주로3길 11 재원빌딩1층
노리몬딱,제주 제주시 삼봉로3길 13 1층
또래오래 화북삼양점,제주 제주시 설촌로2길 23 1층 108호
고랑몰라,제주 제주시 삼봉로 39 2동 1층 북측상가
정훈식당,제주 제주시 원당로7길 22
7번가피자 제주삼화점,제주 제주시 일주동로 394 1층
제주은갈치 택배전문 제주항구,제주 제주시 서흘1길 64
매촌정식,제주 제주시 삼봉로 37 1층
아차산매운떡볶이 화북삼화점,제주 제주시 화삼북로 139
투다리 제주삼양점,제주 제주시 일주동로 373
삼양수산,제주 제주시 원당로5길 26-1
대굴대굴굴구이 삼화점,제주 제주시 삼봉로 85 1층 대굴대굴 굴구이 삼화점
양군의케익한접시,제주 제주시 화삼로 166 부영5차 상가동 107호
제주오도록,제주 제주시 삼봉로2길 16 제주오도록
삼화통닭,제주 제주시 지석12길 14 1층 102호
도란,제주 제주시 서흘길 34 도란 1층
싱싱프루츠 삼화점,제주 제주시 화삼북로 143 1층
sunset lounge,제주 제주시 선사로8길 12 1층
페리카나 도련점,제주 제주시 삼봉로 115 미듬하나로 상가 페리카나
뉴욕버거 제주삼화점,제주 제주시 건주로 22 1층 뉴욕버거
불향쭈꾸미,제주 제주시 건주로4길 34 1층 불향쭈꾸미
돈삼겹 삼화3호점,제주 제주시 지석8길 13-22
이타시안,제주 제주시 설촌로 10
열날개,제주 제주시 삼봉로 167 2층201호
호야치킨앤닭강정 삼화점,제주 제주시 화삼북로 87 상가동 103호
더킹노래주점,제주 제주시 건주로4길 6-8 지하2층 201호
육회본가 제주삼화점,제주 제주시 건주로4길 34 육회본가
백제삼계,제주 제주시 설촌로12길 34
33한닭,제주 제주시 원당로 33 1층
순정치킨,제주 제주시 매촌서1길 17 1층
은빛고을,제주 제주시 지석15길 1
죽이야기 제주 삼화점,제주 제주시 건주로4길 6-8 102호
삼화주구,제주 제주시 건주로3길 19 1층 삼화주구
삼양다쏘니,제주 제주시 일주동로 387
흑진주,제주 제주시 서흘길 20 1층
포차바다식당,제주 제주시 설촌로 8 포차바다식당
비빔채,제주 제주시 서흘길 16 비빔채 한식 엔 카페
미듬,제주 제주시 삼봉로 115 상가동101호
카페비아,제주 제주시 벌랑6길 20-1 1층
사계절흑염소 제주삼화점,제주 제주시 건주로 72 1층 사계절흑염소제주삼화점
삼화배달통,제주 제주시 건주로4길 32-1
달밤애,제주 제주시 화삼북로 139 1층
대원아구찜,제주 제주시 설촌로 12
순살몬스터 삼화마을,제주 제주시 건주로 66 1층 107호
가마골,제주 제주시 설촌로 12
오늘와인한잔 제주삼화점,제주 제주시 화삼북로 66 1층 오늘와인한잔
민물장어정육식당도련올레,제주 제주시 도련남5길 99 1층
오노프레시,제주 제주시 삼봉로3길 13 102호
궁중출장뷔페,제주 제주시 매촌안길 42 1층
제주돈대패삼겹살,제주 제주시 지석9길 5
멕시카나치킨 도련점,제주 제주시 매촌1길 18
화평식당,제주 제주시 지석15길 5 1층
1967포차,제주 제주시 삼양이동 일주동로 347
얼큰이식당,제주 제주시 지석6길 4
제주아꼼이네 오션라운지,제주 제주시 서흘길 9 3층
몸생각,제주 제주시 지석8길 4
반올림피자샵 삼양점,제주 제주시 일주동로 377
오사부숯불꼬치구이,제주 제주시 화삼북로 66
해동분식,제주 제주시 일주동로 376
황금족발,제주 제주시 원당로 39-1 1층 황금족발
뚱아저씨화덕피자,제주 제주시 서흘4길 17
메가혼밥 제주삼화점,제주 제주시 도련일동 건주로4길 34 1층
국민낙곱새 제주삼화점,제주 제주시 일주동로 362 1층
노블레스,제주 제주시 일주동로 295 일주동로 295
팡,제주 제주시 지석11길 23
티바두마리치킨 삼양점,제주 제주시 삼양이동 일주동로 332
진미국수,제주 제주시 지석12길 14 1층
마이요거트립 제주삼양점,제주 제주시 일주동로 386 1층
JBD종로빈대떡,제주 제주시 건주로4길 10-5
동산식당,제주 제주시 삼봉로 137
싱싱푸르츠 삼화점,제주 제주시 화삼북로 143
40년전통의 종로빈대떡 삼화점,제주 제주시 건주로4길 10-5
아르커피,제주 제주시 서흘2길 11
와인솔트&웨이브스톤,제주 제주시 일주동로 331 1F
은화수식당삼화점,제주 제주시 화삼로 166 상가동 101호
얼큰이해장국,제주 제주시 지석6길 4
베리요거트,제주 제주시 화삼로 167 상가동 104호
에곤카페,제주 서귀포시 성산읍 신고로 52-18 1층 에곤카페
성산포흑돈애 성산본점,제주 서귀포시 성산읍 고성동서로 67 1층
산지해장국 성산점,제주 서귀포시 성산읍 성산중앙로 30-4 1층
팔미돈가흑돼지 성산점,제주 서귀포시 성산읍 서성일로 511 팔미돈가흑돼지 성산점
열정돈 성산일출봉점,제주 서귀포시 성산읍 고성오조로 119 열정돈
우미관,제주 서귀포시 성산읍 일주동로 4228 우미관
수마,제주 서귀포시 성산읍 일출로 264-6 수마카페
누구나홀딱반한닭 제주성산점,제주 서귀포시 성산읍 일주동로 4236
자담치킨 제주성산점,제주 서귀포시 성산읍 고성오조로 88-2
세영수산,제주 서귀포시 성산읍 성산중앙로 10-1 1층
흑돈쭐 제주성산일출봉점,제주 서귀포시 성산읍 성산중앙로 72
아뽀밍고,제주 서귀포시 성산읍 일출로 230 3층
오늘 당근,제주 서귀포시 성산읍 일주동로 5023
리치비카페,제주 서귀포시 성산읍 성산등용로17번길 55 1층 리치비카페
마농짜장,제주 서귀포시 성산읍 오조로 140 1층
오른,제주 서귀포시 성산읍 해맞이해안로 2714 orrrn
서귀피안 베이커리,제주 서귀포시 성산읍 신양로122번길 17 1층 ~ 3층
모자심,제주 서귀포시 성산읍 성산중앙로 40
금돗 성산흑돼지,제주 서귀포시 성산읍 성산등용로 17 금돗 성산흑돼지
부촌,제주 서귀포시 성산읍 동류암로 33 1층
해일리 카페,제주 서귀포시 성산읍 한도로 269-37 해일리카페
프릳츠 제주성산점,제주 서귀포시 성산읍 일출로 222
성산과자점,제주 서귀포시 성산읍 일출로 286 1층
성산바다풍경 제주성산일출봉점,제주 서귀포시 성산읍 일출로288번길 17 1층
제주뚝배기,제주 서귀포시 성산읍 일출로 255 1층 제주뚝배기
스타벅스 성산일출봉점,"제주 서귀포시 성산읍 일출로 284-5 1,2층"
꽃담수제버거 성산,제주 서귀포시 성산읍 일출로 284-7
삼무국수 2호점,제주 서귀포시 성산읍 고성오조로 74-1
성산 타쿠마스시,제주 서귀포시 성산읍 섭지코지로 15
WORLD CLASS FISH&CHIPS,제주 서귀포시 성산읍 성산중앙로 33 윌라라
스타벅스 제주성산DT점,제주 서귀포시 성산읍 일출로 80
오조해녀의집,제주 서귀포시 성산읍 한도로 141-13 오조해녀의집
제일성심당,제주 서귀포시 성산읍 고성오조로 47 1층
쉬어갓,제주 서귀포시 성산읍 일주동로 5023 쉬어갓
삼대해녀의집 성산본점,제주 서귀포시 성산읍 환해장성로 583-5 삼대해녀의집
성산봄죽칼국수 성산점,제주 서귀포시 성산읍 해맞이해안로 2725
맛나식당,제주 서귀포시 성산읍 동류암로 41
제주로운청해원 성산일출봉점,제주 서귀포시 성산읍 신양로 101 1층 제주로운청해원 성산일출봉점
시흥리 해녀의집,제주 서귀포시 성산읍 시흥하동로 114 해녀의집식당
통발 성산점,제주 서귀포시 성산읍 일출로 258-15
성산서비우동돈까스,제주 서귀포시 성산읍 고성오조로 74 1층 오른쪽
나무아래,제주 서귀포시 성산읍 한도로255번길 21 나무아래
갈치왕 성산점,제주 서귀포시 성산읍 성산중앙로37번길 9 1층 갈치왕 성산점
목화휴게소,제주 서귀포시 성산읍 해맞이해안로 2526
튠:TUNED,제주 서귀포시 성산읍 성산중앙로 43 지하1층
BHC치킨 제주성산점,제주 서귀포시 성산읍 성산중앙로 48
덴드리,제주 서귀포시 성산읍 삼달로 28-1 덴드리
월간레코드,제주 서귀포시 성산읍 일출로 230 2층.
보룡제과,제주 서귀포시 성산읍 고성오조로 48-1
보람식당,제주 서귀포시 성산읍 일주동로 4697 1층
전망좋은횟집&흑돼지 성산본점,제주 서귀포시 성산읍 일출로 248 전망좋은횟집&흑돼지 성산본점
해오름,제주 서귀포시 성산읍 일출로 260 해오름 성산본점
진미식당 성산일출봉점,제주 서귀포시 성산읍 일출로 290 1층
카페아오오,제주 서귀포시 성산읍 환해장성로 75
성산카페 워크인커피바,제주 서귀포시 성산읍 일출로 298 1층
성산덕이네,제주 서귀포시 성산읍 온평애향로 69-1
그리운바다성산포 성산본점,제주 서귀포시 성산읍 성산등용로 94 그리운바다성산포
성산포 자연산 회센타,"제주 서귀포시 성산읍 한도로 67 1층, 성산포자연산회센타"
마마카레,제주 서귀포시 성산읍 서성일로1222번길 37-5 마마카레 제주 성산점
몰마농 그대와함께 해물라면 성산본점,제주 서귀포시 성산읍 환해장성로 929 1층 몰마농 그대와 함께라면 성산일출봉
카페쿠리,제주 서귀포시 성산읍 환해장성로 165-21
성산 부뚜막식당,제주 서귀포시 성산읍 고성오조로 11
가이아띠어리,제주 서귀포시 성산읍 일주동로4120번길 51-53 1층
우뭇개일번지,제주 서귀포시 성산읍 일출로 288 우뭇개일번지
어우름제주고기국수 성산본점,제주 서귀포시 성산읍 일출로 292 1층
카페더라이트,제주 서귀포시 성산읍 한도로 269 카페더라이트
성산포수협 활어회센터,"제주 서귀포시 성산읍 성산등용로 91 1층(회포장), 2층(갈치조림)성산포수협 활어회센터"
츠코이,제주 서귀포시 성산읍 성산중앙로 63
온평바다한그릇 성산본점,제주 서귀포시 성산읍 환해장성로 467
성산오조미야,제주 서귀포시 성산읍 해맞이해안로 2690 오조미야
홍천하마라탕&양꼬치,제주 서귀포시 성산읍 동류암로39번길 7
돈사돈 성산점,제주 서귀포시 성산읍 성산등용로 13-1 돈사돈 성산점
성산갈치맛집,제주 서귀포시 성산읍 한도로 90 1층 성산갈치맛집
고궁보말손칼국수,제주 서귀포시 성산읍 성산중앙로 54 고궁보말손칼국수
제주일도 서귀포 성산점,제주 서귀포시 성산읍 신양로 107 제주일도 서귀포 성산점
성산해녀빵,제주 서귀포시 성산읍 일출로 286 1층
염전의봄 성산일출봉점,"제주 서귀포시 성산읍 일출로 284-1 1, 2층"
성산일출봉 어멍횟집,제주 서귀포시 성산읍 일출로 29 성산일출봉 어멍횟집
하와이안비치카페,제주 서귀포시 성산읍 신양로122번길 57 2층
성산 브런치 카페 난산리다방,제주 서귀포시 성산읍 난산로41번길 39-2 난산리다방
BBQ치킨 제주성산점,제주 서귀포시 성산읍 고성동서로 71
플로이스트 베이커리 카페,제주 서귀포시 성산읍 섭지코지로 107
숙자네숟가락젓가락 성산2호점,제주 서귀포시 성산읍 섭지코지로46번길 10 숙자네숟가락젓가락 2호점
복자씨연탄구이 성산본점,제주 서귀포시 성산읍 해맞이해안로 2764
독고집 성산점,제주 서귀포시 성산읍 동류암로 43-1 독고집 성산점
해송갈치 제주성산일출봉점,제주 서귀포시 성산읍 일출로 270-2
제주흑돈만두,제주 서귀포시 성산읍 고성오조로 50
제주카페코지,제주 서귀포시 성산읍 한도로 200 2층
성산풍천장어,제주 서귀포시 성산읍 신양로 8 성산풍천장어
성산을본갈치,제주 서귀포시 성산읍 성산중앙로64번길 5-4 2층
성산카페 호랑호랑,제주 서귀포시 성산읍 일출로 86 C동 호랑호랑
백기해녀의집,제주 서귀포시 성산읍 일출로 88-19 백기해녀의집
새벽숯불가든 봄 그리고 가을 본점,제주 서귀포시 성산읍 해맞이해안로 2660 봄 그리고 가을 리조트 B동 1층
제주본연 흑돼지 성산본점,제주 서귀포시 성산읍 성산등용로 2 1층
성산흑돼지 육성가,제주 서귀포시 성산읍 해맞이해안로 2768 육성가
성산 팔도식당갈치조림 제주 섭지코지본점,제주 서귀포시 성산읍 섭지코지로26번길 15 1층 팔도식당 성산 섭지코지본점
성산 고등어쌈밥 김치찜,제주 서귀포시 성산읍 섭지코지로25번길 122-5 성산고등어쌈밥
돌담애 성산 흑돼지,제주 서귀포시 성산읍 신양로 69 돌담애 성산 흑돼지
오드리김밥,제주 서귀포시 성산읍 성산중앙로 38-2
지은이네밥상,제주 서귀포시 성산읍 고성오조로97번길 17
도새기상회 성산흑돼지,"제주 서귀포시 성산읍 일출로 14-1 1층 , 도새기상회"
성산일출봉 아시횟집,제주 서귀포시 성산읍 성산리 234-23
성산 해녀짬뽕,제주 서귀포시 성산읍 일출로 275 1층 성산해녀짬뽕
성산갯마을식당 성산일출봉점,제주 서귀포시 성산읍 한도로 66
육삼식당 제주성산점,제주 서귀포시 성산읍 고성오조로 71 1층
제주어물전 성산본점,제주 서귀포시 성산읍 신고로 42 1층
성산 소희네뚝배기식당,제주 서귀포시 성산읍 해맞이해안로 2752 1층
해왓,제주 서귀포시 성산읍 신고로 30-1
범식당 제주성산점,제주 서귀포시 성산읍 한도로 66 2층
섭지코지로 본점,제주 서귀포시 성산읍 한도로242번길 14 1층
돈이랑 성산점,제주 서귀포시 성산읍 일출로 30 돈이랑
삼수정식당,제주 서귀포시 성산읍 동류암로 45 1층
경미네집,제주 서귀포시 성산읍 일출로 259
맘스터치 제주성산점,제주 서귀포시 성산읍 일주동로 4234
신전떡볶이 성산점,제주 서귀포시 성산읍 동류암로 52-1
또또고깃간,제주 서귀포시 성산읍 일주동로 5112 1층 또또고깃간
피갈회옥,제주 서귀포시 성산읍 신고로22번길 39 피갈회옥
이어돈 성산흑돼지,제주 서귀포시 성산읍 성산등용로 44 이어돈 성산흑돼지
흑선생,제주 서귀포시 성산읍 성산중앙로 48 흑선생
망고데이 필리핀디저트카페,제주 서귀포시 성산읍 신양로 102 망고데이
성산일출봉손칼국수,제주 서귀포시 성산읍 일출로 273 1층 성산일출봉손칼국수
성산 맛있네식당,제주 서귀포시 성산읍 고성오조로 96
탐나는김밥국수,제주 서귀포시 성산읍 환해장성로 803 1층
칼국수연구소,제주 서귀포시 성산읍 성산중앙로 26 칼국수연구소
국수인가갈치인가 성산본점,제주 서귀포시 성산읍 서성일로 913 1층 국수인가 갈치인가
마이리틀배지펍,제주 서귀포시 성산읍 일출로 260 2층
슌식당,제주 서귀포시 성산읍 시흥상동로 87 시흥리 버스정류장 바로 뒷집
단백,제주 서귀포시 성산읍 고성동서로56번길 15 2층 단백
뉴브리드,제주 서귀포시 성산읍 환해장성로 117 뉴브리드
소심한 브런치,제주 서귀포시 성산읍 일출로 223-1 .
성산해나,제주 서귀포시 성산읍 성산중앙로 30-1
제주고가네식당,제주 서귀포시 성산읍 성산중앙로19번길 14 1층
수킹,제주 서귀포시 성산읍 해맞이해안로 2692 1층
카페물썹,제주 서귀포시 성산읍 신천동로 130-29
등경돌식당 제주성산일출봉점,제주 서귀포시 성산읍 일출로 279 등경돌식당
가시아방국수,제주 서귀포시 성산읍 섭지코지로 10
UMMM,제주 서귀포시 성산읍 시흥하동로57번길 35
더벤티 고성교차로점,제주 서귀포시 성산읍 일출로 4 102호
신산포구 지환이네,제주 서귀포시 성산읍 환해장성로111번길 4
신산나들목식당,제주 서귀포시 성산읍 일주동로 5100 신산나들목식당
피자굽는돌하르방,제주 서귀포시 성산읍 성산중앙로19번길 14 2층
랜딩커피,제주 서귀포시 성산읍 신양로122번길 45-1
청호식당,제주 서귀포시 성산읍 온평관전로 94
쉐프1192레스토랑,제주 서귀포시 성산읍 환해장성로 465
정가네연탄구이,제주 서귀포시 성산읍 서성일로 1047
제주일돈흑돼지,제주 서귀포시 성산읍 환해장성로 913 1층
옛날옛적 성산본점,제주 서귀포시 성산읍 일주동로 4660 1층 옛날옛적
썬라이즈135,제주 서귀포시 성산읍 시흥상동로 135 썬라이즈135
교래흑돼지 성산일출봉점,제주 서귀포시 성산읍 한도로 23 교래흑돼지 성산일출봉점
커큐민흑돼지,제주 서귀포시 성산읍 일출로 84
성산바다,제주 서귀포시 성산읍 신양로 29-2 1층
파리바게뜨 제주성산점,제주 서귀포시 성산읍 일주동로 4282
제주흑돼지품,제주 서귀포시 성산읍 섭지코지로 57 제주 흑돼지 품
윤활,제주 서귀포시 성산읍 고성동서로45번길 4
신풍소반,제주 서귀포시 성산읍 일주동로 5363-60 1층
신선도,제주 서귀포시 성산읍 고성오조로 87-18 신선도
꽃가람 제주성산일출봉점,제주 서귀포시 성산읍 고성동서로 73 1층 꽃가람 제주성산일출봉점
범하다,제주 서귀포시 성산읍 고성동서로56번길 15 1층
ttt COFFEE,"제주 서귀포시 성산읍 동류암로 20 플레이스 캠프 LOVE동 1, 2층"
장승포식당 섭지코지본점,제주 서귀포시 성산읍 동류암로 32 장승포식당
성산달래식당,제주 서귀포시 성산읍 금백조로 34-19 1층 ( 안으로 쭉 들어오세요 )
성산맛집 성환이네 닭칼국수,제주 서귀포시 성산읍 동류암로36번길 6 성환이네
제주 성산 난산리 식당,제주 서귀포시 성산읍 난산로41번길 38
성산수산식당,제주 서귀포시 성산읍 성산중앙로 29
바이브230,제주 서귀포시 성산읍 성산등용로 5
똣똣,제주 서귀포시 성산읍 환해장성로 559 1층
떠돌이식객 섭지코지본점,제주 서귀포시 성산읍 신고로22번길 37
칠돈가 Seongsan again,제주 서귀포시 성산읍 신양로 116
삼달리 별내리는정원 제주성산점,제주 서귀포시 성산읍 중산간동로 4219
옛날통닭 성산점,제주 서귀포시 성산읍 고성동서로56번길 12-1
마씸 성산점,제주 서귀포시 성산읍 수시로10번길 3 1층
푸짐한식당,제주 서귀포시 성산읍 섭지코지로25번길 5 1층
제주무갈치조림,제주 서귀포시 성산읍 환해장성로 33 1층 2호
느랑,제주 서귀포시 성산읍 동류암로 47-1 2층
메가MGC커피 제주성산일출봉점,제주 서귀포시 성산읍 성산등용로 15
컴포즈커피 서귀포성산점,제주 서귀포시 성산읍 일주동로 4229 컴포즈커피
온평국수,제주 서귀포시 성산읍 온평상하로 98 1층
해뜨는식당,제주 서귀포시 성산읍 성산중앙로 38
남양수산,제주 서귀포시 성산읍 고성동서로56번길 11
한라전복 성산본점,제주 서귀포시 성산읍 해맞이해안로 2732
부부키친,제주 서귀포시 성산읍 서성일로 1024 부부키친
문화통닭,제주 서귀포시 성산읍 고성오조로 81 문화통닭
성산짬뽕,제주 서귀포시 성산읍 성산중앙로25번길 13 1층
섭지해녀의 집,제주 서귀포시 성산읍 섭지코지로 95
미복식당,제주 서귀포시 성산읍 일주동로 4706
성산흑돼지두루치기 성산일출봉점,제주 서귀포시 성산읍 한도로 255
신산리마을카페,제주 서귀포시 성산읍 환해장성로 33
민박카페,제주 서귀포시 성산읍 성산등용로 10-1 1층
해성관,제주 서귀포시 성산읍 일주동로 5119 해성관
어니스트밀크,제주 서귀포시 성산읍 중산간동로 3147-7 2층
성산해촌,제주 서귀포시 성산읍 일출로 220 성산해촌
정체불명,제주 서귀포시 성산읍 삼달로163번길 34
일품순두부 성산점,제주 서귀포시 성산읍 신양로 78
발랭드보통 제주,제주 서귀포시 성산읍 시흥하동로50번길 32 발랭드보통 제주
마우돈,제주 서귀포시 성산읍 서성일로 1240
피크 제주,제주 서귀포시 성산읍 시흥상동로77번길 25-2 1층
성산일출봉 청운식당,제주 서귀포시 성산읍 일출로 285 청운식당
서귀포시축협 축산물플라자 성산점,제주 서귀포시 성산읍 섭지코지로25번길 120
교촌치킨 성산일출봉점,제주 서귀포시 성산읍 성산중앙로40번길 14 1층
제주섭지회관&마돈,제주 서귀포시 성산읍 섭지코지로 56 제주섭지회관&마돈
cafeEDC,제주 서귀포시 성산읍 신천서로72번길 16-4 1층
시골밥상,제주 서귀포시 성산읍 고성오조로97번길 11
해녀의집,제주 서귀포시 성산읍 성산리
성산물고기자리,제주 서귀포시 성산읍 일출로 257
쉬언,제주 서귀포시 성산읍 고성오조로 70-2 쉬언
호로록,제주 서귀포시 성산읍 일주동로 4230
방글방글,제주 서귀포시 성산읍 신양로 96 신양로96
한우고을정육식당,제주 서귀포시 성산읍 신천동로13번길 27 . 1층
마씸 본점,제주 서귀포시 성산읍 환해장성로 129-1
바싹부대찌개,제주 서귀포시 성산읍 고성오조로 84-1
성산일출뼈감자탕,제주 서귀포시 성산읍 일출로 274 1층
성산 갈치조림 순덕이네,제주 서귀포시 성산읍 온평서로 48
막둥이해녀복순이네,제주 서귀포시 성산읍 서성일로 1129
은희네해장국 성산점,제주 서귀포시 성산읍 환해장성로 803
좀녀와 농부,제주 서귀포시 성산읍 온평리 1286-4
섭지코지 해녀밥상,제주 서귀포시 성산읍 신양로122번길 60-6
우리들국수,제주 서귀포시 성산읍 섭지코지로 63
카페마망,제주 서귀포시 성산읍 수시로 58
모구리식당,제주 서귀포시 성산읍 서성일로 241
소심한이층,제주 서귀포시 성산읍 성산등용로 17 소심한이층
도야짬뽕 성산점,제주 서귀포시 성산읍 서성일로 1244 1층
명단 BBQ BAR,제주 서귀포시 성산읍 성산중앙로 59 명단 BBQ BAR
성산케이크 아임마운틴케이크,제주 서귀포시 성산읍 고성오조로 92 아임마운틴케이크
신왕,제주 서귀포시 성산읍 신양로 112 1층
제주세호해장국 제주성산점,제주 서귀포시 성산읍 서성일로 1224
일출봉환이네감자탕,제주 서귀포시 성산읍 고성오조로 4 1층 일출봉환이네감자탕
온더스톤 브런치카페 제주성산점,"제주 서귀포시 성산읍 해맞이해안로 2746 H동 1층, 2층"
휘닉스 아일랜드 코지,제주 서귀포시 성산읍 섭지코지로 107 휘닉스 아일랜드 B동 1층
제주 성산 해마루&쌈총사횟집,제주 서귀포시 성산읍 일출로 84 2층 제주성산해마루갈치조림&쌈총사횟집
성산 뼈감자탕,제주 서귀포시 성산읍 산성효자로 75 1층
바당집 성산점,제주 서귀포시 성산읍 환해장성로 469 1층
전복마시문어마시 제주섭지코지본점,제주 서귀포시 성산읍 환해장성로 489 1층
섭지코지,제주 서귀포시 성산읍 동류암로36번길 5
삼달198,제주 서귀포시 성산읍 삼달로 198 1층
배스킨라빈스 제주성산점,제주 서귀포시 성산읍 일주동로 4280 1층
컴포즈커피 서귀포섭지코지점,제주 서귀포시 성산읍 섭지코지로26번길 6 3호
범하다 흑돼지,제주 서귀포시 성산읍 환해장성로 492 1층
만조이천쌀밥 제주성산점,제주 서귀포시 성산읍 성산중앙로 5
로이앤메이,제주 서귀포시 성산읍 온평상하로15번길 12-7
소쿠리,제주 서귀포시 성산읍 일출로 270-2 제3호
어머니닭집,제주 서귀포시 성산읍 고성오조로 13 어머니 닭집
삼다도식당,제주 서귀포시 성산읍 동류암로39번길 4
충남식당,제주 서귀포시 성산읍 성산등용로 94-1
국풍반점,제주 서귀포시 성산읍 오조로95번길 24
제주길흑돼지참숯구이,제주 서귀포시 성산읍 환해장성로 629
조개모닥,제주 서귀포시 성산읍 성산등용로 94
삼다명가,제주 서귀포시 성산읍 섭지코지로25번길 34 1층
요기국수 섭지코지점,제주 서귀포시 성산읍 일출로 2 1층
백록횟집 성산본점,제주 서귀포시 성산읍 섭지코지로25번길 12 백록횟집 성산본점
게티 브런치하우스,제주 서귀포시 성산읍 서성일로 506-15 1층
제주 오션스토리,제주 서귀포시 성산읍 일주동로 4694
고성장터국밥,제주 서귀포시 성산읍 고성동서로45번길 19 장터국밥
또또양꼬치,제주 서귀포시 성산읍 동류암로 49 또또양꼬치
이서방흑돼지,제주 서귀포시 성산읍 일주동로 3934-1
그리고 카페,제주 서귀포시 성산읍 산성효자로114번길 131-1 1층
고래라면 성산점,제주 서귀포시 성산읍 삼달로 104 고래라면
자연과사람들 밀면 성산점,제주 서귀포시 성산읍 한도로 137 1층
제주참더덕과흑돼지,제주 서귀포시 성산읍 중산간동로 4538 제주참더덕과흑돼지
성산플라이오조카페,제주 서귀포시 성산읍 오조로85번길 44
나그네식당,제주 서귀포시 성산읍 서성일로 239
카페보리 성산카페,제주 서귀포시 성산읍 일주동로 5363-75 2동 2층
하마보,제주 서귀포시 성산읍 고성동서로 66 1층 하마보
왕성참숯구이 성산점,제주 서귀포시 성산읍 고성오조로 98-3 제주 왕성참숯구이 성산점
정미네식당,제주 서귀포시 성산읍 삼달하동로31번길 1
성산돌섬,제주 서귀포시 성산읍 한도로 109
주어코지국수창고,제주 서귀포시 성산읍 삼달하동로18번길 9-5
도야지광장,제주 서귀포시 성산읍 고성동서로 48 101호
드르쿰다 카페 제주성산점,제주 서귀포시 성산읍 섭지코지로25번길 64 드르쿰다 카페 제주 성산점
성산리140,제주 서귀포시 성산읍 일출로 258-11 2층
청솔밥상,제주 서귀포시 성산읍 성산중앙로 46-1 청솔밥상
일출제주흑돼지,제주 서귀포시 성산읍 일출로15번길 2
미소흑돼지,제주 서귀포시 성산읍 서성일로 1134
국빈관,제주 서귀포시 성산읍 고성오조로 19
선미식당 제주성산일출봉점,제주 서귀포시 성산읍 일출로 281 선미식당
솜빡,제주 서귀포시 성산읍 일주동로 5588 1층
제주공감,제주 서귀포시 성산읍 오조로 59-1 제주공감
분식후경,제주 서귀포시 성산읍 온평포구로62번길 22-1
새벽숯불가든 제주본점,제주 서귀포시 성산읍 일주동로 4036
별밤포차,제주 서귀포시 성산읍 고성동서로 77
나의왼손,제주 서귀포시 성산읍 삼달로 133 김영갑갤러리 옆
나의왼손,제주 서귀포시 성산읍 삼달로 133 김영갑갤러리 옆
출출,제주 서귀포시 성산읍 일주동로 4733 출출
레이트벗 커피 로스터스,제주 서귀포시 성산읍 서성일로 621 레이트벗 커피 로스터스
빨간집 성산점,제주 서귀포시 성산읍 고성오조로 54 중화요리반점
성산화가네손칼국수,제주 서귀포시 성산읍 고성오조로 137 1층
성산한식뷔페,제주 서귀포시 성산읍 일주동로 4304 1층
제주삼춘도넛 성산점,제주 서귀포시 성산읍 일출로 274-1 1호 2층
소라네집,제주 서귀포시 성산읍 환해장성로 631
금백조로가든,제주 서귀포시 성산읍 금백조로 96
섭지국밥,제주 서귀포시 성산읍 신양로 118
은미네식당,제주 서귀포시 성산읍 온평관전로 41
제주츤츤핫도기,제주 서귀포시 성산읍 성산중앙로 48 1층
아꼬미케이크,제주 서귀포시 성산읍 일주동로 4202
호동이 식당,제주 서귀포시 성산읍 삼달리 80-1
성산촌뚝배기,제주 서귀포시 성산읍 일출로 238-1 1층
동트레,"제주 서귀포시 성산읍 성산등용로 78 가동1층 101,102호"
롯데리아 하나로제주성산점,제주 서귀포시 성산읍 일주동로 4282
랍씨네 성산본점,제주 서귀포시 성산읍 신양로122번길 57 랍씨네
김밥천국 성산점,제주 서귀포시 성산읍 고성동서로45번길 2
동이트는집,제주 서귀포시 성산읍 일주동로 4220
작산 애월흑돼지,제주 제주시 애월읍 가문동길 4 애월흑돼지 작산
제주스시호타루,제주 제주시 애월읍 애월로1길 24-11 3층
해지개,제주 제주시 애월읍 애월북서길 52 . 1~2층
미포집 제주 애월점,제주 제주시 애월읍 가문동길 80 미포집 제주점
이춘옥원조고등어쌈밥 제주애월본점,제주 제주시 애월읍 일주서로 7213
애월은혜전복 제주애월본점,제주 제주시 애월읍 애월로1길 24-3 1층
브롱스 브루잉 컴퍼니 제주곽지해수욕장점,제주 제주시 애월읍 곽지3길 27-1 1층
단소 제주 애월본점,제주 제주시 애월읍 애월로 139-4 1층 단소
제주광해 애월,제주 제주시 애월읍 애월해안로 867 2층
문개어멍,제주 제주시 애월읍 가문동길 38 문개어멍
노라바,제주 제주시 애월읍 애월해안로 570-1 1층
우영담,제주 제주시 애월읍 애월로 86 1층
제주당,제주 제주시 애월읍 월각로 927
크라운돼지 제주점,제주 제주시 애월읍 상가목장길 84
훈도 애월흑돼지 본점,제주 제주시 애월읍 애월로 37 1층 훈도 애월흑돼지
갈치관 제주애월본점,제주 제주시 애월읍 애월해안로 686 2층 갈치관 애월갈치한상
로우하이 애월점,제주 제주시 애월읍 고내로 15 1층
라망드제주,"제주 제주시 애월읍 하광로 416 1,2층"
이디 고기국수 애월본점,제주 제주시 애월읍 일주서로 7055 1층
트라이브,제주 제주시 애월읍 애월로 11
만월숯불구이 애월본점,"제주 제주시 애월읍 애월북서길 34 1,2층"
애월 우니담,제주 제주시 애월읍 고내로13길 107 2층
레이지펌프,제주 제주시 애월읍 애월북서길 32 lazypump
숙성도 애월점,제주 제주시 애월읍 애월로1길 24-16 1층
하귀 보배쌤보리김치와게장,제주 제주시 애월읍 하귀12길 4 1층
슬로보트,제주 제주시 애월읍 하귀2길 46-16
애월더선셋,제주 제주시 애월읍 일주서로 6111
갈치바다 제주 애월점,"제주 제주시 애월읍 애월로 15-1 1, 2층 갈치바다 애월"
언덕집국수,제주 제주시 애월읍 애월해안로 494 1층
팀블로우,제주 제주시 애월읍 애월로 19-5 1층
피즈 애월,제주 제주시 애월읍 애월로 29 1층 피즈 애월
애월아시시,제주 제주시 애월읍 애월해안로 474 지하1층
비틀스타코 제주 애월점,제주 제주시 애월읍 애월로1길 24-9 1동1~2층
애월 갈치 암행어사,제주 제주시 애월읍 애월로11길 27 1층
청수당 애월,제주 제주시 애월읍 애월로1길 19
하루필름 애월점,제주 제주시 애월읍 애월해안로 672 1층
애월회포장센터 애월밤바다,제주 제주시 애월읍 하귀1리 229-5
애월미향해장국,제주 제주시 애월읍 중엄3길 52 1층
누리프렌즈카페인제주,제주 제주시 애월읍 유수암평화길 162 누리프렌즈카페인제주
애월 온기,제주 제주시 애월읍 애월로 11 갈치맛집 온기
마초스테이크 제주직영점,제주 제주시 애월읍 애월로1길 24-7
크랩잭 애월한담해변,제주 제주시 애월읍 애월북서길 56-1 1층 크랩잭
이끼숲소길,제주 제주시 애월읍 장소로 621
버거킹 제주애월DT점,제주 제주시 애월읍 일주서로 6654
콜린 제주점,제주 제주시 애월읍 애월로1길 24-8 1-3층
오아시스80,"제주 제주시 애월읍 애월로1길 26-7 가동, 나동 1층"
돝밭 애월흑돼지,제주 제주시 애월읍 애월해안로 249 1F 돝밭
한담국수 곽지애월점,제주 제주시 애월읍 애월로 33 1층
당당,제주 제주시 애월읍 중엄안1길 25 당당
제레미,제주 제주시 애월읍 애월로 106-1
능소비빔국수 제주점,제주 제주시 애월읍 하광로 163 1층
봄날,제주 제주시 애월읍 애월로1길 25
몽탄 애월,제주 제주시 애월읍 애월북서길 56-4 몽탄
애월흑돼지 대담,제주 제주시 애월읍 일주서로 7035 대담
도톰 애월점,제주 제주시 애월읍 애월해안로 957 . 1층 도톰애
제주시애월읍916,제주 제주시 애월읍 애월로 91 1층
해지개더블랙,제주 제주시 애월읍 애월북서길 54 1층
고도칸 애월흑돼지,제주 제주시 애월읍 애월해안로 384-7 1층 고도칸 애월흑돼지
해녀뜰,제주 제주시 애월읍 애월해안로 852 1층
노을리,제주 제주시 애월읍 애월해안로 654
뚱딴지 애월흑돼지 본점,제주 제주시 애월읍 부룡수길 17
새물,제주 제주시 애월읍 애월해안로 620 1.2.3층
스타벅스 제주한담해변DT점,제주 제주시 애월읍 일주서로 6142
더애월 본점,제주 제주시 애월읍 하가로 159 1층
랜디스도넛 애월점,제주 제주시 애월읍 애월로 27-1 애월한담주차장 이용 가능(유료)
제주할망밥상 애월점,제주 제주시 애월읍 하귀9길 8 1층
호커센터,제주 제주시 애월읍 애월로11길 25-2 호커센터
산지물고유,제주 제주시 애월읍 애월북서길 60 A동 1층
에이바우트커피뷰 하귀포구점,제주 제주시 애월읍 하귀12길 21-2 1~3층
갈치깡패 애월점,제주 제주시 애월읍 애월로 57 1층
애월항포구횟집 본점,제주 제주시 애월읍 애월로11길 22 2층 애월항포구횟집
바다속고등어쌈밥 제주애월본점,제주 제주시 애월읍 일주서로 7089 1층
마틸다,제주 제주시 애월읍 고내1길 33 1층
동경밥상,제주 제주시 애월읍 하귀14길 11-1 1층 동경밥상
썬셋클리프,제주 제주시 애월읍 애월로1길 19-8
제주 정직한돈 애월본점,제주 제주시 애월읍 애월해안로 253 1층
문동일고사리육개장,제주 제주시 애월읍 하귀동남4길 13-1
해녀의집,제주 제주시 애월읍 애월해안로 591
애월맛차,제주 제주시 애월읍 하광로 183
숨비다,제주 제주시 애월읍 애월로 118 2층 숨비다
애월 고불락,제주 제주시 애월읍 고내로7길 45-12
제주달 애월해안도로본점,제주 제주시 애월읍 가문동길 27-8 제주달 애월해안도로본점
란스 키친,제주 제주시 애월읍 하귀동남1길 57
곽지해녀의집,제주 제주시 애월읍 곽지11길 27
고기왕 하귀애월점,제주 제주시 애월읍 하귀12길 4 왕빌딩 2층
마마롱,제주 제주시 애월읍 평화로 2783 1층 마마롱
스시바미미 애월본점,제주 제주시 애월읍 애월해안로 412 지층
로맨틱새우 곽지해수욕장애월점,제주 제주시 애월읍 곽지1길 12-12 로맨틱새우 애월곽지본점
토토네,제주 제주시 애월읍 하귀10길 49-2 102호
제주해도미락 애월,제주 제주시 애월읍 애월로 11 2층
고이정 애월흑돼지 보리짚불구이,제주 제주시 애월읍 애월로 6 고이정
마시레치킨,제주 제주시 애월읍 하귀로 59 1층 마시레치킨
올댓커피 제주,제주 제주시 애월읍 애월로1길 26-4
BHC치킨 애월점,제주 제주시 애월읍 애월로 126
까미노,제주 제주시 애월읍 고하상로 91-12 까미노
놀맨,제주 제주시 애월읍 애월로1길 24
제주검정보리마씸,제주 제주시 애월읍 하귀로 81
일품순두부 애월점,제주 제주시 애월읍 애월해안로 176
마일스,"제주 제주시 애월읍 고내로7길 46-1 2,3층"
엄지흑돼지,제주 제주시 애월읍 일주서로 6701
장인의집[본점],제주 제주시 애월읍 애월로19길 31 장인의집 애월 본점
제주한라산분식,제주 제주시 애월읍 애월로1길 24-3 2층
에버그린 돈까스,제주 제주시 애월읍 애월로 40 1층 에버그린돈까스
해변횟집,제주 제주시 애월읍 애월해안로 90
스타벅스 제주애월DT점,제주 제주시 애월읍 애월해안로 376
언니식탁,제주 제주시 애월읍 광성로 256-2 1층
인디언키친 애월본점,제주 제주시 애월읍 애원로 191 인디언키친
돌염전소금커피,제주 제주시 애월읍 구엄길 96
애월 왕서방,제주 제주시 애월읍 중엄3길 2-1
커피냅로스터스 제주,제주 제주시 애월읍 하귀2길 45 1층
호탕,제주 제주시 애월읍 애월로8길 8
명자,제주 제주시 애월읍 애월로1길 22 1~2층
하이엔드제주,제주 제주시 애월읍 애월북서길 56 하이엔드제주
카페 어림비,제주 제주시 애월읍 어림비로 300-14 1층
잇칸시타,제주 제주시 애월읍 신엄안2길 54-1 1층
평균이하,제주 제주시 애월읍 애월로4길 14
애월 삼육공본점 숙성흑돼지,제주 제주시 애월읍 중엄3길 50 1층
마니주,제주 제주시 애월읍 광령2길 102 1층
애월후식,제주 제주시 애월읍 납읍로 21 애월후식
제주 애월역,제주 제주시 애월읍 구엄길 64 1층
애월짬뽕,제주 제주시 애월읍 유수암평화5길 15-22 1층
금돈가 제주 애월해안도로 본점,제주 제주시 애월읍 가문동남길 63 1층
스시 마타네,제주 제주시 애월읍 하소로 391-2
네꼬야 티하우스 애월하귀점,제주 제주시 애월읍 하귀9길 15 1층
애월 인디고인디드 카페,제주 제주시 애월읍 애월해안로 204
장군집,제주 제주시 애월읍 하귀로 65 지도
젤코바 베이커리카페,제주 제주시 애월읍 하소로 1
애월그때그집 제주도 본점,제주 제주시 애월읍 애월로15길 24 1층
할리스 제주애월천덕로점,제주 제주시 애월읍 천덕로 238-1
육월 애월흑돼지 본점,제주 제주시 애월읍 애월해안로 496 1층 흑돼지 전문점 육월
꿈낭밥집,제주 제주시 애월읍 유수암평화5길 33-3 1층
"고우니, 제주를 담다",제주 제주시 애월읍 애월해안로 857
새빌 카페,제주 제주시 애월읍 평화로 1529
임순이네밥집,제주 제주시 애월읍 곽지9길 8-1 1층
카페멜록,제주 제주시 애월읍 애월해안로 251 카페멜록
애월 막국수,제주 제주시 애월읍 애월해안로 11
아베끄,제주 제주시 애월읍 애월해안로 960 2층
큐티파이,제주 제주시 애월읍 애월해안로 610 큐티파이카페
청초수물회 제주점,제주 제주시 애월읍 일주서로 6113 청초수물회 제주점
약선명가 애월하귀본점,제주 제주시 애월읍 하광로 2 약선명가
시소 카이막 애월점,제주 제주시 애월읍 애월해안로 566 1층
애월리에,제주 제주시 애월읍 엄수로 8-11 애월리에
해오반,제주 제주시 애월읍 고내로9길 1 1층
커피빈 제주애월DT점,제주 제주시 애월읍 애월해안로 560
이순신김밥,제주 제주시 애월읍 애월해안로 482-1 1층
돈몽 애월흑돼지 본점,제주 제주시 애월읍 애월해안로 907 1층 돈몽 애월흑돼지 본점
소길역,제주 제주시 애월읍 소길2길 53 소길역
애월찜,제주 제주시 애월읍 애월해안로 454-5
꽃밥,제주 제주시 애월읍 일주서로 6059
폭폭,제주 제주시 애월읍 장전로 137 1층
애월어촌계회센타,제주 제주시 애월읍 애월포구동길 3 애월로13길45 애월어촌계회센타
그래인스쿠키 애월점,제주 제주시 애월읍 유수암로4길 11 그래인스 쿠키
하영칼국수 애월본점,제주 제주시 애월읍 구엄길 3 하영칼국수
서현해장국,제주 제주시 애월읍 애월해안로 715-1 1층
망고레이 애월직영점,제주 제주시 애월읍 일주서로 7021 1층 망고레이 애월직영점
리부아르,제주 제주시 애월읍 애월해안로 686 3층 LIBOIRE CAFE
리엘루,제주 제주시 애월읍 고성남길 36
애월연어 본점,제주 제주시 애월읍 하소로 660
애월오누이 제주,제주 제주시 애월읍 애월로9길 54 애월오누이 식당
염전의봄애월점,제주 제주시 애월읍 애월로1길 18 3동1층
사계바다 통갈치조림구이 제주애월해안도로점,제주 제주시 애월읍 애월해안로 496 2층
노포돼지 애월,제주 제주시 애월읍 곽지9길 5-1 1동202호 (1층2호)
씨싸이드 제주,제주 제주시 애월읍 하귀14길 5-3 제1호
구이사이,제주 제주시 애월읍 신엄9길 2
조각가 해물라면 바다보는날 애월해안도로점,제주 제주시 애월읍 애월해안로 722
애월카페 아벨롭,제주 제주시 애월읍 애월로1길 24-15 애월카페거리 대표 데이트 카페 아벨롭 입니다.
연돈가,제주 제주시 애월읍 평화로 2346
오롬마르,제주 제주시 애월읍 장전리 110-5
항몽로 김가네,제주 제주시 애월읍 항몽로 109-3 항몽로 김가네
애월 남도한상,제주 제주시 애월읍 구엄동3길 8
아망딘테이블,제주 제주시 애월읍 애월로 120 2층
보말이네,제주 제주시 애월읍 유수암평화5길 51 1F
본보이즈 애월,제주 제주시 애월읍 애월로 24
카페 연,제주 제주시 애월읍 곽지11길 21 1층
청춘해장국,제주 제주시 애월읍 일주서로 6372 1층
스시애월,제주 제주시 애월읍 장전로 57
카페동경앤책방,제주 제주시 애월읍 하귀로 74 2층 카페동경앤책방
제주나기 애월본점,제주 제주시 애월읍 구엄동1길 7 제주나기 제주애월본점
더바당 카페,제주 제주시 애월읍 애월해안로 232-1
이치니치,제주 제주시 애월읍 애월로11길 7 1층 이치니치
브런치오,제주 제주시 애월읍 애월해안로 454-3 1층
애월흑돼지가노는집,제주 제주시 애월읍 하귀로 118 흑돼지가 노는집
블루그라스,제주 제주시 애월읍 곽지8길 23-9 블루그라스
제주갈치 한담,제주 제주시 애월읍 애월로1길 24-11 1층 제주갈치 한담
파리바게뜨 제주하귀점,제주 제주시 애월읍 하광로 41 1층 파리바게뜨
정도 애월흑돼지 본점,"제주 제주시 애월읍 가문동길 53 1, 2층 솔잎훈연흑돼지 정도"
해성도뚜리 애월흑돼지,제주 제주시 애월읍 애월해안로 682 해성도뚜리
제주돈아 애월해안도로본점,제주 제주시 애월읍 일주서로 6721 제주돈아
플라잉애월,제주 제주시 애월읍 애월해안로 765 UFO 펜션 지층
화랑스시 애월본점,"제주 제주시 애월읍 유수암로1길 41 1층, 2층 화랑스시"
할리스 제주곽지해수욕장점,제주 제주시 애월읍 곽지3길 27-1
시공간 제주혼술바,제주 제주시 애월읍 애월로 112 1층
브리나케오슈,제주 제주시 애월읍 고내3길 21-2 1층
바담깨비 애월회관,제주 제주시 애월읍 애월해안로 941 1층
홀츠 애월,제주 제주시 애월읍 하소로 681-13 나동
제주갈매기,제주 제주시 애월읍 하광로 17 . 1층
제주의아침베이커리 하가점,제주 제주시 애월읍 하가로 91-2 1층
회가서쪽에서뜨겠네 애월본점,제주 제주시 애월읍 애월로 12 1층 회가서쪽에서뜨겠네
이송옥,제주 제주시 애월읍 애월로 113 가동 1층 이송옥
일품순두부 하귀점,제주 제주시 애월읍 하귀9길 18 1층 장가네일품순두부 하귀점
인디안 썸머 애월,제주 제주시 애월읍 애월로4길 9 1층
애월해송횟집,제주 제주시 애월읍 애월로11길 23
형제돈 애월흑돼지,제주 제주시 애월읍 애월로 129 1층 형제돈
참솔식당,제주 제주시 애월읍 유수암평화5길 21 1층
목커리 칼국수,제주 제주시 애월읍 애월해안로 177 E동 1층
심바카레,제주 제주시 애월읍 애월로 87-16 심바카레
제주관광뷔페,제주 제주시 애월읍 광령중길 131 1층 101호
베르골드,제주 제주시 애월읍 수산곰솔길 37 상가 1층
배스킨라빈스 제주하귀점,제주 제주시 애월읍 하광로 12 1층 106호
애월흑돼지 백번가든,제주 제주시 애월읍 애월로 120 애월 백번가든 1층
어랑어랑생선구이&칼국수 제주애월해안도로점,제주 제주시 애월읍 애월해안로 496 2층 2호
투썸플레이스 제주애월하귀점,제주 제주시 애월읍 일주서로 7209
테라도스,제주 제주시 애월읍 애상로 207-2 테라도스
난달카페,제주 제주시 애월읍 애월해안로 58 1~2층
카이로스,제주 제주시 애월읍 장유길 49-39 카이로스 카페
닻,제주 제주시 애월읍 가문동길 41-2 2층
제주기와,제주 제주시 애월읍 광령남4길 45-1
제주애월해물한상,제주 제주시 애월읍 평화로 2369 제주애월해물한상
우아한상 제주애월본점,제주 제주시 애월읍 신엄로 51 가동 1층 101호
망고홀릭 애월해안도로점,제주 제주시 애월읍 애월해안로 298
한끼국밥 하귀외도점,제주 제주시 애월읍 하귀동남1길 2-5 1층
도치돌가든,제주 제주시 애월읍 천덕로 440-1
제주와함께라면,제주 제주시 애월읍 애월해안로 274 1층
스나쿠타카바다,제주 제주시 애월읍 일주서로 7063 1층
고효,제주 제주시 애월읍 중산간서로 6566-3 고효
버거리 수제버거 제주애월곽지 본점,제주 제주시 애월읍 곽지1길 26 제2호
웃뜨리,제주 제주시 애월읍 광성로 213 베이커리 카페
한우천국 제주점,제주 제주시 애월읍 일주서로 7113
지구상회 제주애월본점,제주 제주시 애월읍 애월해안로 715 2층
버터모닝,제주 제주시 애월읍 하광로 279
몽상드애월,제주 제주시 애월읍 애월북서길 56-1
남또리횟집,제주 제주시 애월읍 애월해안로 384 1층
옛날아우내순대,제주 제주시 애월읍 애월해안로 960 1층
마레벤또,제주 제주시 애월읍 애월로1길 10 마레벤또
제주혼술바언스테이블 애월점,제주 제주시 애월읍 애월로 33 2층
뜨레솥밥,제주 제주시 애월읍 평화로 2556 1층
전복죽일번가 애월해안도로본점,제주 제주시 애월읍 애월해안로 688 1층
미깡창고,제주 제주시 애월읍 중산간서로 6710-1 미깡창고
애월맛집제주다,제주 제주시 애월읍 애월해안로 688 2층
꺼멍집 다 구워 나오는 흑돼지,제주 제주시 애월읍 중산간서로 6716 1층
미스터 두리안 카페,제주 제주시 애월읍 유수암평화길 139 1층
애월뼈한상,제주 제주시 애월읍 일주서로 7216 1층
안돈오마카세 제주본점,제주 제주시 애월읍 애월북서길 69
카페태희,제주 제주시 애월읍 곽지3길 27
곽나루 애월본점,제주 제주시 애월읍 곽지11길 4 1층
한라소곱창 애월하귀점,제주 제주시 애월읍 하귀9길 19 1층
뚜레쥬르 제주애월점,제주 제주시 애월읍 애월로 119 1층
마라힐링,제주 제주시 애월읍 애월로 120 1층
곽지곤지암해장국,제주 제주시 애월읍 곽지1길 4
제주만주,제주 제주시 애월읍 일주서로 6707 1층
모리노아루요,제주 제주시 애월읍 하소로 769-58 모리노아루요
태공식당,제주 제주시 애월읍 애월로11길 7
제주세진해장국,제주 제주시 애월읍 하가로 157 1층
달소금식탁,제주 제주시 애월읍 일주서로 7087-12 1층 달소금식탁
악어식당,제주 제주시 애월읍 곽지11길 7 정글게스트하우스 1층
하르방짬뽕,제주 제주시 애월읍 하귀동남4길 4
노형한빛식당,제주 제주시 애월읍 유수암평화5길 88
수제홍과일모찌 애월하귀점,제주 제주시 애월읍 하귀동남3길 15 1층
시키,제주 제주시 애월읍 하귀동남1길 25 1층
먼치번즈,"제주 제주시 애월읍 애월해안로 592 1, 2층"
이피커피,제주 제주시 애월읍 상가북6길 13 1층
짬뽕플러스,제주 제주시 애월읍 하귀동남1길 25-1 1층 짬뽕플러스
콩카페 제주곽지해변점,제주 제주시 애월읍 곽지3길 21 1층
코시롱 애월흑돼지,제주 제주시 애월읍 애월해안로 646 1층 코시롱 애월흑돼지
푸라닭 제주애월하귀,제주 제주시 애월읍 하귀로 74 1층
바리바리분식,제주 제주시 애월읍 광상로 306 1층
제주다옴돈까스,제주 제주시 애월읍 광성로 86
황제중화요리 곽지점,제주 제주시 애월읍 곽지9길 23 1층
면공장,제주 제주시 애월읍 어림비로 478
탐라해동밥상,제주 제주시 애월읍 유수암평화5길 24-7 비동 탐라해동밥상
비스마일 본점,제주 제주시 애월읍 하소로 358 1층 비스마일
바당한그릇 애월본점,제주 제주시 애월읍 애월해안로 552-3 1층
바당횟집,제주 제주시 애월읍 중엄3길 65 1층
돌담땅콩국수,제주 제주시 애월읍 애월로 53-1 1층
누렁소앤도새기 애월흑돼지본점,제주 제주시 애월읍 광령남6길 14 유수암 10분거리
만지식당,제주 제주시 애월읍 고내로 13-1 만지식당
소길다방,제주 제주시 애월읍 소길2길 45-3
애월 흑돼지 고깃간 본점,제주 제주시 애월읍 애월해안로 32 1827-1번지
야키니쿠제주,제주 제주시 애월읍 하소로 658 1층
고추냉이식당,제주 제주시 애월읍 광령5길 8 1층
애월엄마,제주 제주시 애월읍 일주서로 6699 (신엄중학교 서쪽 50m)
숙이네보리빵,제주 제주시 애월읍 애월로 118
녹색식당,제주 제주시 애월읍 애원로 917 1층
빌레못,제주 제주시 애월읍 곽납로 133-7
투썸플레이스 곽지과물해변점,제주 제주시 애월읍 곽지3길 26
애월제주빵집,제주 제주시 애월읍 상가목장길 84 제주빵집
꽁순이네,제주 제주시 애월읍 중산간서로 5642
애월흑돼지 하귀 흑생,제주 제주시 애월읍 하귀9길 54-5 흑생
봉성식당,제주 제주시 애월읍 봉성로 66 봉성식당
다과상점,제주 제주시 애월읍 유수암로 51
하치다찌방,제주 제주시 애월읍 애원로 5 1층
수스로로스팅하우스,제주 제주시 애월읍 고내로7길 3 1층
애월항 커피사무소,제주 제주시 애월읍 애월해안로 56 1층
스시 연,제주 제주시 애월읍 곽지11길 21 2층
돌담위에흑돼지,제주 제주시 애월읍 애월해안로 608 1층
애월본카페,제주 제주시 애월읍 애월해안로 179 본카페
리치망고 애월본점,제주 제주시 애월읍 애월해안로 272
삼일해장국,제주 제주시 애월읍 하귀9길 14
촌스럽,제주 제주시 애월읍 고성남길 37 1층
칠돈가 새별오름점,제주 제주시 애월읍 유수암평화5길 8 칠돈가 새별오름점
