Search_Query,Place_Name,Nickname,Date,Review_Content
제주전복치킨 제주신화월드본점,,세레레레렝,4.18.토,"벌써 두 번째 방문인데 사장님의 미친 후한 인심에 또 한 번 감동하고 갑니다! ㅠㅠㅠㅠ 포장주문했는데 포장주문한것보다도 먼저 과자들과 컵라면은 물론이고 직접 담그신 수정과와 고소한 전복죽까지... 메인 메뉴가 나오기 전부터 사장님의 넉넉한 정이 느껴져 기분이 정말 좋았어요! 주문한 간장, 양념반반전복치킨은 튀김옷이 어쩜 이렇게 바삭한지 식감이 예술이었고, 함께 곁들인 전복한치숙회무침은 그야말로 신의 한 수였어요! 매콤새콤한 맛이 바삭한 후라이드와 환상의 궁합을 자랑해 마지막까지 질리지 않고 맛있게 먹었습니다. 맛, 서비스, 정성까지 모든 게 완벽한 곳이라 제주도 놀러올때마다 또 찾게 될 것 같네요. ㅠㅠ 이렇게 퍼주시면 장사 어떻게 하세요??!! 사장님 번창하세요! 너무너무 배터지게 잘먹었습니다 🫡💘"
제주전복치킨 제주신화월드본점,,SERENAYOUNG,4.18.토,사장님 너무너무 친절하시고 서비스도 이렇게 가득 주셨어요! 임산부라고 귤도 한개 더 담아주시고 정말 기분좋은 포장 방문이었어요~~~ 물론 맛도 너무 맛있었어요 튀김 아주 바삭바삭하고 양념소스도 넘 맛있어요 근처에 계시면 강추해요!!!
제주전복치킨 제주신화월드본점,,짜빠게팅,4.12.일,제주 올때마다 꼭 먹는 전복치킨 !! 늘 맛있네요ㅠ 이번에는 전복한치숙회를 추천해주셔서 먹어봤는데 완전 별미입니다ㅠㅠ 너무 맛잇어요!!
제주전복치킨 제주신화월드본점,,고촌홍보대사,4.10.금,"이렇게 맛있는 전복, 치킨, 한치 숙회를 본 적이 없네요. 굴튀김 먹으려다 전복한치숙회 추천해주셔서 먹었는데 가족 전부가 대만족했어요. 신화월드 오면 꼭 먹어야해요! 완전 강추"
제주전복치킨 제주신화월드본점,,js7****,3.22.일,"튀긴 전복이랑 맛있는 치킨이 생각나서 제주 서남부 올때마다 저녁 먹으러 가는 곳입니다. 누가봐도 깨끗한 기름에 적당히 염지하고 속도 촉촉하게 치킨도 잘튀겨두시는데다가, 배고프지말라고 과자랑 라면 죽 등도 챙겨주십니다.(전 특히 죽이 맛있었네요)  5년전에 처음 갔던거 같은데 인플레이션으로 인한 가격상승 빼곤 분위기, 맛, 친절함 등은 변하지 않았습니다.  그냥 치킨도 비싸지 않게 파시는데, 기왕 여기 오신거 전복튀김도 소금에 살짝 찍어먹는게 좋지않나 싶어 전복치킨 시켜먹는게 좋지않을까싶네요"
제주전복치킨 제주신화월드본점,,HS PICK,3.6.금,신화월드 놀러와서 넘 좋은 리뷰보고 포장 방문한곳이에요 일단 사장님께서 너무친절하시고 서비스를 잘 챙겨주셨는데 치킨까지 맛있어서 너무 즐거운 저녁시간이 되었습니다 신화월드 또 오면 방문하고 싶을 정도로 강추해요!!!
제주전복치킨 제주신화월드본점,,스벅냅킨도둑,3.5.목,예전에 신화월드에서 시켜먹었다가 맛있어서 이번에는 직접 와봤어요 ㅋㅋㅋ 와서 먹으니까 더 맛있어요 진짜 양도 엄청 많아서 최고임
제주전복치킨 제주신화월드본점,,나만해요36,2.23.월,처음 먹어봤는데 너무 맛있어요 친절하시고 꼭 다시 놀러와서 뼈치킨도 먹고싶어요~아이들 때문에 순살 시켜먹었는데 너무 맛있어요 서비스로 주신 과자들과 전복죽도 대박입니다~꼭드셔보세요~
제주전복치킨 제주신화월드본점,,heygirl8712,2.21.토,여행 첫날 저녁으로 숙소에서 전복치킨 포장해서 먹었어요! 치킨외에 전복죽도 주시고 과자를 한봉다리주셔서 놀랐어요ㅎㅎ 전복튀김이 질기지않고 부드러워요. 전복 안먹는 아이도 튀긴 전복은 하나 다 먹어서 신기했어요. 후라이드 치킨이랑 양념맛도 좋아서 다음에 제주도 가면 또 먹고 싶어요!
제주전복치킨 제주신화월드본점,,kmh****,2.18.수,내용 없음
제주광추,,너구리2954,4.11.토,회 정말 신선하고 두툼한데 양도 많아요!! 종류별 소스랑 기본안주 주시는 것도 만족했어요 센스있게 마지막 육개장 컵라면으로 마무리 잘 했습니다!! 번창하세요 😊😊 다음에 또 가고 싶어요
제주광추,,hsuyes,1.29.목,임신 6개월인데 싱싱한 회를 먹고 싶어 숙소 사장님의 추천으로 갔던 제주광추!! 이런 대광어를 처음 먹어보는데 보통 광어는 얇게 나오는데 여긴 두툼하고 정갈하고 비린내 없어서 실컷 먹었어요  회가 젤리 마냥 쫄깃쫄깃하고 같이 나온 곁들임 반찬....맛있어요 ㅠㅠ 회 한점에 술 한잔 해야하는데 까비! 다음에 출산하고 애기랑 갈게요!!!!
제주광추,,Patrick43,1.28.수,"엄청 친절하시고, 포장도 너무 섬세하게 해주셔서 감동이에요 ㅠㅠ 이렇게 하나하나 다 써주시다니 이렇게 친절한 가게 처음 봤어요 !! 번창하세요 감사합니다 💗"
제주광추,,dle****,1.10.토,너무 친절하고 너무 맛있어요 정말 강추입니다!
제주광추,,잇히히힝76,25.10.19.일,광어회 포장해서 먹었는데 엄청 깔끔하게 포장해주십니다! 맛없는 스끼다시들 다 빼고 딱 맛있는 회와 간단한 반찬으로 가성비가 어마어마합니다~~ 회도 신선하고 맛있습니다!!
제주광추,,이리96,25.10.7.화,"숙소근처라 포장했는데 포장만 하기 넘 아쉬운곳이에요, 뷰도너무좋고 사장님 친절하시고~ 포장한 광어 중~ 회 맛은 말모말모~ 친절하게 뚜껑에 설명도 써주시고~ 제주미역무침 👍 초밥밥도 맛있고:) 제주오면 또또오고 싶은곳이에요^^"
제주광추,,하우징,25.10.2.목,숙소 근처 횟집 찾아보다 우연찮게 두 딸 아이들과 함께 찾아간집 사장님 두분 성격 너무 좋으시고 서비스 마인드가 갖춰져 있는곳 무엇보다 광어 숙성회의 퀄리티가 왠만한 오마카세집보다 나아서 놀랐어요 제주에서 광어회 맛집 찾으신다면 강추드립니다!
제주광추,,rnu****,25.9.7.일,어제도 포장 오늘도 포장해서 먹었어요^^
제주광추,,rnu****,25.9.6.토,보름살기 중에 만난 너무 맛있는 회집이에요! 둘째는 아직 어리고 아기 두명이라 가서는 못먹었지만 또 먹으러 갈거에요~ 포장 그릇그릇마다 반찬이 뭔지 예쁜 글씨 적어두신것도 너무 섬세하고 기분 좋았습니다. 직접 가서 먹으면 더 좋겠지만 그건 다음을 계획하고 집으로 가기전 또 포장하러 갈게요!!
제주광추,,오니쓰오니,25.8.31.일,여기안왔으면 어쩔뻔 했냐며 ㅠㅠ 분위기와 맛 그리고 뷰까지 삼박자가 완벽했어요 🩷 회과 곁들일수 있는 기본찬들도 너무 좋았구요 친절함에 또한번더 감탄했어요 👍 제주도 오면 꼭 다시 오고 싶은 곳입니다
고바치,,릴로66,4.20.월,아이들도 딸기 듬뿍 올려진 프렌치 토스트 너무 잘먹었어요 음료도 너무 맛잇었던 다른 메뉴도 먹어보러 또가고 싶어요! 감자 너무 순딩이🥹아이들 무례에도 반겨주던👍🏻까페 마스코트 맞네여 또보러 가야듸😚 날씨가 흐려도 너무 예뻣구 밖에서도 먹어보고싶어요! 예스키즈존이래도 아이들 식기랑 다갖춰진댄 못봤는데🩷 사장님 배려심이 더돋보이는 공간이었어요! 사장님께서도 너무 친절🥰하세요
고바치,,찌니쮸,4.19.일,아이랑 반려동물이랑 같이 갔는데 뷰가.. 너무 이뻤어요 거기다가 강아지는 목줄 해서 들어와도 된다고 해서 들어 왔답니다 아기의자가 있어서 최고였어요!! 사장님이 바나나랑 딸기릉 아이꺼랑 강어지꺼까지 챙겨쥬셔서…최고 프렌치토스트는 방문 하면 꼭 드셔보세요 빵이 말랑말랑 한게 엄청 맛있는게 소스가 대박이예요👍🏻
고바치,,포하항스,4.9.목,"뷰가 너무 좋아요!!! 고바치의 풍경과 디저트가 함께라면 바로 힐링 가능합니다. 진짜루. 제주 자연을 그대로 느낄 수 있어서 더 좋았고, 여유를 느끼고 싶을 때 방문하는거 추천드립니다.👍  카페는 화이트 톤 인테리어로 깔끔하고 감성적인 분위기이구요, 사장님도 정말 친절하셔서 기분 좋게 머물 수 있었어요. 커피도 맛있고 브런치 메뉴도 다양해서 선택의 폭이 넓은 점도 좋았습니당!  만족도가 높아서 재방문 의사 100%입니당! 분위기 좋은 카페 찾는 분들께 추천드려요!🫶"
고바치,,mju****,3.25.수,늦은 점심을 위해 찾은 고바치 카페 역쒸 최고당~~~^^ 오늘같이 햇살 가득한 날씨에 딱 맞는 분위기에 크루와상 샌드위치와 아보카도&바나나 ... 넘 환상적인 조합이네ㅎㅎ 오늘은 고바치 카페 덕분에 최고의 컨디션으로 하루를 보낼수 있을거 같네~~~♡♡ 사랑해요~~~~ 고바치^^~
고바치,,MIIING,3.18.수,커피 맛집 & 뷰 맛집 & 사진 맛집  커피 진짜 맛있어요 ㅠㅠ 2층에서 보는 한라산뷰 정말 최고입니다 ! 막 찍어도 사진 무조건 잘 나옵니다 👍
고바치,,댕삼쀼,3.16.월,지나가다 들렸는데 인테리어도 너무 이쁘고 깔끔하네요! 음료도 넘 맛있어용!! 다음에는 커피 먹으러 올께용💜
고바치,,쇼비맙,2.24.화,제주살이 시작하자마자 바로 온 카페! 오랜만에 가도 조용하고 비가 와서 그런지 분위기가 더더 좋았어요! 뭐 마실지 고민하다 사장님이 추천한 카페 모카 마셨는데 정말 맛있었어요!! 브런치 냄새가 너무 좋아서 다음엔 브런치 먹어봐야 겠어요!!
고바치,,mju****,2.19.목,매번 올때마다 브런치 즐기기 너무 좋네요 . 햇살이 잘 들어와서 사진찍기도 좋습니다 말차라떼를 항상 테이크아웃을 하는데 진짜 맛있어용
고바치,,보일먼,2.9.월,"음식 맛있고, 조용하고 화장실 깨끗하고 사장님 친절하셔용 ⭐️⭐️⭐️⭐️⭐️"
고바치,,쿄우쿄우,2.1.일,분위기 좋아요 🎶 아메리카노 산미없고 맛있어요 !! 강아지도 넘 귀엽답니당 딸기라떼는 엄청 달지 않아서 맛있어요
알돈가,,hya****,4.21.화,항상 최고예요 !! 풍미가 최상인 고기에 매번 감탄입니다^^
알돈가,,깨비의먹방기록,4.21.화,흑삼겹살 흑목살 김치찌개 솥밥 주문했고 계란찜이나 강된장중에 하나 기본으로 주세요! 펜션바베큐처럼 숯불에 굽는 식이라 굽는 스킬이 아주 중요한데 사장님이 샤샤샤샥 구워주시니 받아서 맛있게 먹기만 하면 돼요! 흑삼겹살 비계 쫀득하니 너무 맛있고 처음에 껍데기도 서비스로 같이 주시는데 너무 맛있어요 상추깻잎 다 직접 키우신다는데 진짜 싱싱하고 정성 가득인게 느껴지더라고요 김치찌개랑 솥밥 하나하나 존맛이니 꼭 와서 먹어보세요!! 주의할 점은 서울과 달리 1인분 양이 진짜 많아요 둘이서 먹느라 배 터질뻔🫶
알돈가,,blu****,4.20.월,제즈도 놀러와서 알돈가로 고기 먹으러 왔는데 고기가 너무 맛있습니다. 그릭고 새우 전복 찌게 등등 구성이 너무 알차요~~ 제주도 또 놀로오묜 재방문 해야 겠어요~~
알돈가,,지망생90,4.20.월,"고기 양이 적나,,,? 라고 생각했지만 정~말 다양한 구성과 양에 결국은 배 터지도록 먹었습니다~~!!  추가로 직접 추천해주시는 도민 맛집들까지~! 친절함과 맛 모두 잡은 가게~! 우연히 왔는데 좋은곳 알고가네요~!!! 강력추천!!!"
알돈가,,용용33,4.19.일,"신화월드에서 10분거리! 고기 신선하고 고소하니 맛있어요. 셀프바에 셀프바도 엄청 깔끔하고 사장님도 친절하셔용. 고사리도 있어서 너무 잘 먹었어요. 장도 직접 담그시는지 쌈장도 시판쌈장이 아니네요👍🏻공기밥도 갓 한 밥 느낌이고, 김치찌개도 맛있게 먹었습니다. 사장님도 너무 친절하시고 제주여행 마지막 날 기분좋고 맛있게 먹고 갑니다🩶 신화월드 내에서도 해결 가능했지만 차타고 잠깐 나오니 가성비 갑입니다!! 추천✨"
알돈가,,라니꼬,4.18.토,제주도에서 흑돼지 처음으로 맛있다고 느낀집! 매장도 넓고 쾌적해서 좋아요ㅎㅎ 사장님도 친절하게 이것저것 설명해주시고 제주도오면 또 와야겠어요!
알돈가,,hsc****,4.18.토,제주에서 제일 맛있는 흑돼지 집입니다. 10년째 제주 오면 꼭 오는 곳이에요!
알돈가,,wht****,4.13.월,제주도 흑돼지 먹으러 방문했는데 가격도 저렴하고 구성도 알차고 재료도 신선하고 쌈채소나 김치도 직접 키우셔서 값어치 한다는게 느껴졌습니다😄 사장님도 친절하셔서 주변 사람들한테도 알려주고 싶은 곳입니다!
알돈가,,37432,4.13.월,2사람이 세트 먹으먼 배부를정도로 푸짐하고 고기질이 매우 좋습니다 재방문예정입니다
알돈가,,베아트 기다윤89,4.10.금,예쁜 사진은 못 찍어요. 맛있어서 먹느라 바빠서ㅎㅎ 고기는 말 해 뭐해고~ 마늘에 고사리 넣어 먹는게 또 일품이에요~!
빽다방 제주한경면수월봉점,,hyerenia33,3.3.화,당근
빽다방 제주한경면수월봉점,,내사랑규야29,3.1.일,저녁엔 비올꺼라.. 조금 일찍 밥먹고 집을 나섰네요.. 집근처 유일한 커피맛집^^ 식후엔 얼음박박 갈아서.. 커피 말아야죠^^ 소화도 잘되고 속이 뻥 뚫리는 듯해요.. 주유하고 해안도로 타고 드라이브 갈꺼라.. 들렸습니다^^ 커피는 빽카페예요~
빽다방 제주한경면수월봉점,,바닐라라떼라면,2.25.수,제주 시골에서 빽다방을 가다니... 넘 좋았어요. 마을에서 떨어진 곳에 있어 차타고 갔어요
빽다방 제주한경면수월봉점,,비밀이야7733,2.20.금,ㅁ
빽다방 제주한경면수월봉점,,미이식가,2.16.월,사장님 엄청 친절하세요~^^ 그리고 근처 올때마다 테이크아웃으로 자주 먹는데 늘 음료 맛있고 빨리 나와서 좋습니다!!!👍👍👍
빽다방 제주한경면수월봉점,,내사랑규야29,2.8.일,생일선물 받은 빽깊티 사용하러^^ 유용하네요 아쥬~ 커피 말아서 옹포로 배달갑니다.. 오늘도 레드향 발주에 정신없는 오빠님께~ 난 참 착한 동생ㅋ 고산서 옹포까지 커피배달을~ 사실 우리도 무늬오징어 팔러가는길 겸사겸사.. 빈손으로 가긴 글코.. 겨울이라 얼음 박박 갈은게.. 쉽사리 안녹아요ㅋ 장거리 배달 딱입니다~ 추워도 얼음박박 갈아야 좋드라그요.. 속이 뻥 뚫리는 맛^^ 오늘은 새로운 알바님도 계시네요.. 차분하니 천천히 해주셨어요.. 스탬프도 챙겨주시드라그요.. 오늘은 주인이모도 함께 주시니.. 주문 끝나고 나니.. 옆에서 커피는 이미 다 만들어져 나옴ㅋ 역시.. 매장 아담해도 두명은 일해야.. 손님이 편한거 같아요~ 시간은 금이니까^^ 감사합니다~ 눈발 날리는 수월봉뷰도 좋았어요~
빽다방 제주한경면수월봉점,,두아이아빠1,1.24.토,잘먹었습니다
빽다방 제주한경면수월봉점,,킬러메이커,1.18.일,좋아요
빽다방 제주한경면수월봉점,,내사랑규야29,25.12.4.목,#생일선물 #빽다방기프티콘 #빽다방제주한경수월봉점 소금빵이랑 커피사서^^ 용수로~ #커피배달 #잔정많은 #내사랑김섭앙 근데.. 요건 뇌물이다^^ 오늘 생물판매예약건 땜에.. 함께 무늬 잡으러ㅋ #우리집낚시환자 #무늬오징어 나는 집에서 열심히 팔고 이신디ㅋㅋ 용수삼촌이랑 또 잡으러감~ 그려^^ 일도 어신디.. 잡념 안생기게.. 그거라도 해야쥬~ 오늘은 예약 들어온^^ 생물판매~ 오늘도 많이 잡기를ㅋ 그래서 삼촌 모시고 출똥^^ 낚시가며 동네 빽다방을 자주 가게될듯~ 기프티 선물 좋구만~
빽다방 제주한경면수월봉점,,ㅇ20,25.10.26.일,수월봉에 가려고 서쪽에 왔다가 커피마시려고 들렸습니다. 사장님이 너무 친절하시고 에너지가 넘치셔서 기분 너무 좋게 커피마시면서 쉬다가 나왔습니다.
혼디인2714 감귤체험카페,,농도와 밀도,4.19.일,근처 독립서점에 들렀다가 커피한잔 하러 왔어요. 이곳만의 특별한 메뉴가 있다고 해서 찾아왔습니다. 제주 지름떡을 과일과 함께 디저트로 만든 메뉴를 먹었고 고소한 풍미의 커피와 달콤상큼 천혜향 에이드로 여행날 저녁의 피로를 털어내고 갑니다. 분위기와 음악도 참 좋았습니다. 😊
혼디인2714 감귤체험카페,,jjja95,4.18.토,음료도 맛있고 뷰도너무 좋아요!! 다음에 감귤따러 또 오고싶어요♡
혼디인2714 감귤체험카페,,핑구7190,4.5.일,지나가다 우연히 발견한 예쁜 카페! 아늑하고 사장님이 친절해요~
혼디인2714 감귤체험카페,,으으으음45,3.6.금,하.. 진짜 엉터리 두쫀쿠 먹고 화났었는데 여기 두쫀쿠 진짜 개맛있내요...... 너무 달지도 않고 안에 스프레스 촉촉하니 바삭하고.. 피 적당히 얇아서 딱 좋아요. 여러분 여기 두쫀쿠 꼭 드셔보새요ㅠㅠ 개맛있음...
혼디인2714 감귤체험카페,,두팔쓰,3.2.월,두번째 방문입니다! 카페도 너무 이쁜데 체험도 할 수 있어서 좋아요!  저번엔 귤따기 시즌에 왔는데 이번엔 천혜향 시즌 때 오게 됐네요!!  넘 좋아요 ㅎㅎ
혼디인2714 감귤체험카페,,댕댕277,2.28.토,커피도 너무 맛있고 뷰도 정말 예뻐요💓 아이랑 같이 귤체험하기도 좋은 것 같아요🧡
혼디인2714 감귤체험카페,,유지2761,2.28.토,웰컴투 삼달리 촬영장소더라구요. 찾아가는 길은 멀었지만 음료도 맛있고 디저트도 굿. 사진 이쁘게 나와요.
혼디인2714 감귤체험카페,,꽃상점 일월화,2.28.토,"차도 맛있고, 뷰도 좋고, 웰컴투 삼달리 촬영지네요. 모두들 한번 오세요.^^"
혼디인2714 감귤체험카페,,카프카 맛집탐방,2.28.토,조용하고 분위기 좋은 카페
혼디인2714 감귤체험카페,,yj4****,2.25.수,아이와 여행와서 천혜향 따기 체험도하고 커피에디저트까지너무맛있고 분위기도 너무좋네요^^
청수청년곱창,,Hjmh0822,24.10.16.수,동네에 곱창집이 너무 찾기 힘든데 드디어 발견했어요~!!! 곱창 나오기전에 밑반찬과 소고기국이 나오는데 거기서 참지못하고 밥 한공기 먼저 뚝딱해버렸네요.. 밑반찬 왜이리맛있나요?ㅠㅠㅋㅋ 곱창대창도 맛있게 잘먹었습니다 친절한 사장님 또 갈게요~~!!❤️
청수청년곱창,,또라에몽360,24.7.6.토,국밥 국물이 진하고 맛있어요. 솜씨가 좋으셔서 밑반찬이 맛깔나요
청수청년곱창,,또라에몽360,24.7.2.화,여행와서도 일을 해야하는 상황이라 좀 늦은시간에 도착했는데도 친절하게 맞아주시고 먹기편하게 모두 구워주셔서 맛있게 먹었습니다. 곱창 기본간이 약한데도 잡내가 전혀없고 고소했어요.. 강아지 데리고 방문했는데도 문제없다고 해주시고 다른 손님이 많을때는 테라스쪽으로 앉혀주실 수 있다고 하셔서 감사했습니다.  매장이 조금 외진데 있으니 첫 방문이라면 이른시간 (해지기전) 에 방문하심이 좋을거같아요. 저희는 네비를 보고도 길을 잘못들어서 좀 헤멨습니다. (저녁8시 넘은 시간이라)
청수청년곱창,,화장콩,24.6.19.수,제주 여행 중 갑자기 소곱창이 땡겨서 찾아본 곳 입니다 사실 외진 곳에 있어서 응?했는데 대박 맛집이었어요 내륙에서 먹었던 소곱창들 보다 맛있고 푸짐한 야채들에 떡까지! 눈물 흘리며 먹었어요 특히 이미 다 조리 되어 나와서 기다리는 시간이 아깝지 않았어요 찌개와 밑반찬 까지 정을 느꼈습니다 그리고 무엇보다 아이와 갔는데 아이랑 가면 사실 어딜가도 움츠러들어 있는데 섬세하게 살펴주시고 정말~~~친절하세요 감사합니다 협재에서 가깝고 마침 반딧불 축제?도 하더라고요 대만족이었습니다
청수청년곱창,,아소스테이,24.5.5.일,비도오고 그래서 곱창먹으러 왔는데 사장님도 너무 친절하시고 전부 직접 다 구워주셔서 너무 좋았다~ 그리고 도토리순면은 처음 먹어보는데 계속 땡기는 맛이다~~
청수청년곱창,,망고단비,24.4.14.일,제주도의 숨어있는 맛집!!^^ 손님에 대한 친절과 진심 가득한 맛있는 곳이네요!! 마음 따뜻하신 사장님 부부가 이것저것 챙겨주시고 편안하게 친정집에서 밥 먹고 가는 느낌이라 더더욱 배가 부르네요^^ 더불어 저희 딸 대창 첫 도전 사장님 덕분에 맛있게 성공하고 갑니다!!! ㅎㅎㅎ 오래오래 건강하시고 조만간 또 찾아갈게요~~~~♡♡♡
청수청년곱창,,살림파파,23.9.23.토,제주도민이 추천하는 찐맛집입니다^^ 곱창 막창과 야채 가득 푸짐한 양으로 나와요 곱창+대창+대패 1인분 사진이에요 ㅎㅎ 콩나물 대신 직접 담구신 비트물에 절인 무채가 이색적이고 맛있어요^^ 친절하신 사장님 덕분에 기분 좋게 맛있게 잘 먹었습니다👨🏻‍🌾
청수청년곱창,,kmemek,23.8.9.수,제주한경면곱창맛집을 찾아버렸습니다... 곱창 모듬구이가 이렇게 예쁘게 나오기 있나요..? 잡내하나없이 사장님이 다 구워주셔서 깻잎에 싸서 먹기만하면 됨....굿굿 볶음밥도 오집니다~~~
청수청년곱창,,2해수,23.8.1.화,모듬한판 먹었었는데 모든 부위 잡내없이 너무 맛있게 먹었습니다:) 사장님도 친절하셔서 더더욱 기분좋게 먹고 나온 곳✨ 선물로 뜨개질 모자까지 주셔서 너무너무 감사합니다🫶🏻
청수청년곱창,,하늘3758,23.7.9.일,대창만 시켰는데 야채하고 깻잎찌하고 같이 먹으니 느끼하지도않고 고기도 부드럽고 맛있었어요 구워서 나오니 편하고 아주좋았어요 맛집하나 추가해서 자주 갈듯해요 사장님 두분다 너무 친절하세요
크래커스 한경점,,i loveat i,3.22.일,"오모.... 라떼아트... 캎치노아트 뭐에요ㅠ진촤아아아 우연히 발견한 커피맛집에 행복했다!!!! 바치케 레시피 개발은 필요해보입니다 😋🥲 뭔가 눅눅한 것 같은 크래커는 먹을 수록 매력이 터짐 적당한 친절함이 있는, 조수리 맛도리 카페💓"
크래커스 한경점,,누렁이의 댕댕로드,1.2.금,피스타치오 디저트가 너무 맛있었습니다 커피도 멋있었습니다
크래커스 한경점,,96nanugi,25.12.31.수,커피 찐 맛집이네요 숙소추천으로 왔는데 커피 러버인 저에게 넘 감동이었어요 담에 다시 들리고싶어요 이것저것 맛보고싶어서 드립백 종류별로 구매 더 했네요
크래커스 한경점,,isbe,25.11.16.일,안경쓴 남자가 사장인가 ? 예의가 없네요 음료마시는데 파리 계속 날라다니고 ..
크래커스 한경점,,새벽 yeah,25.11.6.목,커피 맛집. 제주가면 부러 찾아가기~
크래커스 한경점,,치즈6855,25.10.19.일,"그냥 차로 지나가다가 로스터리 보고 친구가 저기 괜찮아보이는데? 하고 들어갔던 곳,,, 테이크아웃했는데 아이스 아메리카노 정말 맛있었고요 친구들은 따뜻한 아메리카노 마셨는데 처음보다 약간 식으니 더 맛있었다 하더라구요. 마침 네스프레소 캡슐도 팔아서 사가지고 집에서 내려먹어봤는데 캡슐로 먹어도 맛있네요👍👍👍 담엔 매장에 앉아서 먹고싶음 ㅎ"
크래커스 한경점,,다다3886,25.10.4.토,내용 없음
크래커스 한경점,,산토리니dream,25.9.2.화,탁현민 더뷰티풀에서 추천해서 다녀왔어요~^^
크래커스 한경점,,TssussT,25.8.26.화,커피는 맛이 좋았다.
크래커스 한경점,,d0202,25.8.3.일,원두 산미있는걸로 골라서 먹었는데 커피 맛있어요
클랭블루 제주,,클릭10,4.19.일,제주서쪽 여행 왔다가 뷰도 이쁘고 커피맛집이라고 해서 들어왔는데~ 쿠키 맛집이네요 ^^ 우도땅콩 가득 들어있고 소금도 짭조름한게 아메리카노랑 너무 잘어울려서 선물용도 사갑니다 회사에서 직원들이랑 나눠먹어야겠어요~!
클랭블루 제주,,키티5017,4.2.목,노을 뷰 맛집 멍때리기 좋아요👍 제주 말차라떼도 맛있어요
클랭블루 제주,,TAMBURINS,4.1.수,디저트가 많이 없어서 아쉬워요 뷰 너무 좋습니다 풍차해안도로
클랭블루 제주,,tjs****,3.28.토,검색하다가 찾게 되어 처음 와본 카페입니다 제주에 뷰 좋은 카페들은 워낙 많지만 여기도 뷰가 정말 좋네요 👍🏻 바다랑 풍력발전소랑 제주 돌담이 한번에 보여서 정말 제주 느낌이 물씬 나는 곳이에요 매장도 넓고 조용해서 좋았구요 2층은 작은 갤러리처럼 해놨는데 사진 찍기 좋았어요
클랭블루 제주,,Sallygogo,3.25.수,"커피, 음악, 바다와 노을 풍경까지 모든 것이 완벽하게 어우러져 여유와 따뜻함이 느껴지는 공간과 시간이었습니다!!! 몇번째 방문인지 기억해주신 사장님까지...다시 제주에 올때 꼭 다시 방문하고 싶은 곳, 계속 생각날것 같아요~😊👍"
클랭블루 제주,,초록뷰,2.28.토,도민 추천으로 방문 했는데 공간에 비해 좌석이 적고 사람이 적어서 여유로운 시간 보내고 왔습니다👍
클랭블루 제주,,JejuN깔깔마녀,2.23.월,"신창풍차해안도로의 상징적인 카페 클랭블루는 바다를 품은 거대한 통창 뷰가 압권이다. 갤러리처럼 정갈한 내부 공간은 2층의 '액자형 포토존'에서 절정을 이루며, 하얀 풍차와 푸른 수평선을 한눈에 담아낸다. 묵직한 바디감의 커피와 부드러운 크림 라떼는 이곳의 세련된 분위기와 잘 어우러진다. 제주의 서쪽 바다를 가장 우아하고 고요하게 감상할 수 있는 공간이다."
클랭블루 제주,,쮸꾸미한사발,2.18.수,제주에 오면 꼭 들리는곳 한적한니 여유를 느낄수 있어 너무너무 조아요. 바다 풍경
클랭블루 제주,,레이쳴,2.9.월,오션뷰가 예쁜 카페에요
클랭블루 제주,,푸크마미,1.31.토,신풍해안도로 바로앞이에요 우도땅콩라떼 아메리카노 땅콩쿠키 다 맛있어요 2025블루리본받은곳이고 바다뷰가 끝내줍니다
웨스트그라운드,,가나다라가나다라,4.19.일,카페가 너무 이쁘고 빵도 맛있고 음료도 맛있고 분위기도 좋고 힐링하고 가요~~~~
웨스트그라운드,,bungle7,4.13.월,"야외 정원이랑 온실, 꽃밭 예쁩니다. 힙한 실내 공간도 머무르기 좋구요. 냥이친구들 귀여워요. 주스랑 디저트 맛있습니다😋"
웨스트그라운드,,Sophia8422,4.12.일,내용 없음
웨스트그라운드,,asa****,4.10.금,흐린날이였지만 카페 분위기는 맑음였어요.^^너무 좋은 장소였지요.
웨스트그라운드,,leeinto,4.9.목,온실 정원이 너무 예뻐요
웨스트그라운드,,82y****,4.4.토,망고빙수와 아메리카노 맛있습니다. 고양이 들도 이쁘고 사진 찍기도 좋아요
웨스트그라운드,,해삐쮸20,4.2.목,"제주한림카페로 대추천.. 분위기가 정말 좋아요! 와플이랑 초당옥수수빵 강력추천 ♡̈ 시그니처 웨스트라떼도 진한 말차맛이 매력만점이에용 ! 카페가 크고, 분위기도 좋고, 귀여운 고양이들도 있어요. 온실 구경하기도 정말 좋습니다~~재방문의사 200%드는 제주도 서쪽 예쁜카페로 추천해용!!"
웨스트그라운드,,덩치맘jung,3.30.월,"주차하기 편하고 야외 유채꽃 너무 예쁘고 오픈전에 갔는데 사장님 친절하게 반겨주시고 말차라떼랑 티라미수 먹었는데 맛있어요~ㅎ 온실에 열대 야자수랑 식물,꽃들이 너무 예뻐서 감탄하며 사진 많이 찍었네요 귀여운 고양이들이 따라 다니며 재롱 부리고 힐링 잘 하고 갑니다~다음에 또 오고 싶어요^^"
웨스트그라운드,,11월 12일,3.28.토,"오늘부터 생망고 개시한다고 해서 왔습니다🥭 운이 좋았어요,, 맛도 좋아요😋 왕큰고양이와 수목원 그리고 유채꽃이 있어요,,,"
웨스트그라운드,,처음처럼79,2.19.목,"고양이들이 살고 있는 식물원 카페라서 아이와 방문했어요. 고양이들 너무 순하고 예쁘고, 식물원도 볼게 많아요. 있는 내내 좋았습니다. 또 오고 싶어요♡"
짚불도 제주판포점,,젼6442,4.18.토,짚을 넣으니까 훈연향이 너무 좋고 고기 질이 진짜 좋아요!! 세트에있는 딱새우 회도 신선하고 맛있어유~~~ 추천입니당
짚불도 제주판포점,,상아짱79,4.11.토,짚불에 구운 고기가 맛있어요.친구들과 여행중 바로 숙소옆 이라 술힌잔 하기편해요. 바다가 보이는 뷰가 좋아요
짚불도 제주판포점,,ko9****,4.10.금,세트메뉴 시켰는데 고기 때깔이 장난아닙니다.. 같이 나오는 딱새우 관자도 맛이 미쳤어요 특히 중간에 짚불 넣어주시는데 향이 더해져서 고기가 넘 꼬소합니다 다음에 또올게요!!
짚불도 제주판포점,,sky****,4.7.화,처음 방문햇는데 초벌이 되서 좋았어요 그리고 생맥주가 잇어서 좋아요
짚불도 제주판포점,,꿍둥이아빠,4.6.월,뷰가 좋고 짚불향 이 좋아요 술 종류가 많아서 좋아요ㅎㅎ
짚불도 제주판포점,,alf****,4.5.일,제주도 여행와서 검색하고 가게에 왔는데 보던 데로 뷰도 너무 좋고 직원분들도 친절하시고 모든 게 완벽한 것 같아요 !!
짚불도 제주판포점,,5월의 신부님,4.5.일,맛있어요~~
짚불도 제주판포점,,sweet9785,4.5.일,메가리조트 숙박후 항상 이용하는 짚불도. 남편도 좋아하는 짚불도. 고기도 넘맛잇어요.짚불향가득♡ 강추♡
짚불도 제주판포점,,황프로52,4.5.일,낚시후 늘 오는곳이에요 존맛♡♡♡♡ 단백질보충 ㄱㄱㄱㄱㄱ
짚불도 제주판포점,,jja****,4.5.일,낚시 후 방문한 집불도 맛있게 잘먹었어요
후우,,신성의숲 웰니스 제주,4.15.수,"문을 열고 들어서는 순간 인테리어 디테일에 입이 떡 벌어지는 곳이었어요. 전체적으로 밝은 워싱이 들어간 내츄럴 원목 톤을 베이스로 공간이 꾸며져 있는데, 사소한 소품 하나부터 가구의 배치까지 어디 하나 빠지는 구석 없이 완벽하더라고요. 사장님의 섬세한 감각이 느껴지는 인테리어 덕분에 머무는 내내 공간이 주는 만족감이 최상이었습니다.  음식 역시 기대 이상이었어요. 특히 양송이스프는 진한 풍미가 일품이었고, 함께 마신 콜드브루는 깔끔한 뒷맛이 좋아 브런치 메뉴들과 환상적인 조화를 이뤘습니다.   집에서 거리가 조금 있는 편이지만, 이 정도의 분위기와 맛이라면 충분히 가치가 있습니다. 멀어도 꼭 다시 오고 싶을 만큼 다음을 기약하게 만드는 매력적인 공간이에요. 조만간 이 감성을 다시 느끼러 재방문할 예정입니다."
후우,,블랑키티,4.1.수,너무 우울해서 몽글한 수플레가 먹고싶었는데 딱 인근에 있었던 후우. 맛있다♡
후우,,Jeju arang,3.30.월,예쁘고 고급스러운 분위기의 카페 후우 원목이 주는 느낌이 참 멋지고 고급스러운 화장실까지 어느것 하나 소흘히 생각되지 않는 카페 냉동실에서 막 나온듯한 아포가토는 냉동 잔에 아이스크림을 듬뿍 넣고 안을 파서 에스프레소를 부었다. 아이디어👍
후우,,Jooa,3.7.토,"수플레 먹고 싶어서 찾아서 왔는데 인테리어가 우선 너무 좋고, 여긴 필터 커피더라구요 맛이랑 디카페인까지 4가지 종류가 있어서 선택해서 먹기도 너무 좋은 곳이에요  수플레를 루꼴라샐러드랑 구운버섯이랑 먹는데 이렇게 잘 어울리다니 중간에 약간 매콤한 살짝 있었는데 그게 질리지않게 해서 개인적으로 젤 좋았어요   자리도 넓게 배치되어있어서 개인이나 단체로 오기 좋습니다!"
후우,,쫑쫑이의 이쫑저쫑,2.18.수,"제주 한경면에 위치한 드립커피, 수플레 맛집입니다. 내부 인테리어도 아주 아늑하고 좋은 곳이었는데, 커피도 필터커피를 취급하고, 정말 맛있는 수플레 케이크도 판매하더라고요! 수플레는 너무너무 부드럽고 생과일, 카라멜코팅이 되어 있는 바나나와 아주 잘 어울렸습니다 :)"
후우,,M23이지,2.14.토,고산에 이런 곳이 !! 생겼다니요 보드러운 수플레도 수프도 비주얼처럼 맛도 근사했어요 아이없이 조용히 다시오고싶내요
후우,,어쩌다장미,1.23.금,"새해 첫날, 떠오르는 분위기와 음식이 제주 서쪽 신도리에 있는 수플레와 찐커피라니~🍮☕️ 사진만 봐도 그때 그 맛, 그 부드러움과 달콤함이 잊혀지지가 않아요. 글구 대접 받는 느낌으로 커피를 직접 내려 갖다주시니반할 수밖에요. 사장님 부부께서 매력적인 마술을 부리고 계신거 같았..🤭🤗  제주도민 추천이 정말 찐인거 아시죠? #제주카페 디따 많아도 커피도 찐! 특히 수플레와 소금빵🥐은 기본으로 테이블에 다 있더라구요~ #후우 카페만의 소금빵을 맛보진 못했지만, 시그니처예요. 없어서 못먹었으니까ㅠㅠ  참고로 사진 찍으면 잘 나오기로 유명한데요~ 사람이 꽉차 테이블 만석이라 구석구석 공간을 담지 못했어요. 야외공간도 있고(얼음날 빼고 환상), 실내 단체공간도 있어요. 저는 문앞에서만 남겼지만 담번엔 꼭 도전!^^v"
후우,,trip1108,1.17.토,"오후에 방문해 담백하고 고소한 소금빵과 크로와상에 고소 블렌드 원두로 에어로프레소 드립 주문했습니다. 마셔본 에어로프레소 드립 중 제일 맛있었고, 따듯하게 데워주신 빵은 아무 것도 추가하지 않아도 맛있었습니다. 편안하고 차분한 분위기도 좋았고, 혼자라 주문 못했지만 다음에는 수플레와 잠봉샌드위치도 꼭 먹어보고 싶습니다."
후우,,아따마이무따,25.12.25.목,크 피로 풀려고 달달구리 스모어 핫초코 먹으러 왔어요🥰 여전히 편안하고 좋은 후우 남편과 편안하게 잘 쉬다가요💝
후우,,Jejujumma,25.12.23.화,"음료가 무슨 예술작품 같아요 구운 마쉬멜로우에 달달한 핫초코나 퐁신퐁신 수플레 팬케익이랑 젤라또 사이로 보이는 에스프레소가 귀여운 아포가토까지, 뭐하나 안예쁜게 없네요. 카페도 소품 하나하나 다 예뻐요."
곡간,,veeliy,4.19.일,콩낭시에 넘 맛나요...🩷 디카페인 드립커피도 향 좋고 맛있게 잘묵습니당 두모리 여행올때마다 들리는 곳😍
곡간,,rghsky1,4.18.토,파편화된 개인만 존재하는 세상에서 동네사람들과 친목 도모도 할 수 있고 게임도 할 수 있어서 너무 기쁘고 즐거운 시간이었습니다! 다음모임도 두근두근 기대할게요 :)
곡간,,치즈버찌,4.6.월,곡간 오고싶어서 제주도 왔습니다. 작년에 방문했을때 맛있는 음료와 멋진 내부에 반했던 기억에 또 방문했는데 여전히 너무 좋네요 귀엽고 시크한 고양이 재팥이도 보러 다들 놀러오세요 ㅎㅎ 제주여행 필수코스..
곡간,,가영4247,3.19.목,"정말 애정하는 공간. 맛있는 콩 디저트에 매번 깜짝 놀라고, 커피와 차도 정성들여 셀렉하신 게 느껴진다. 블루베리 크럼블 디저트에 엑설런트 아이스크림 하나 까서 올려주셨는데 그 부분에서 살짝 정신 부여잡음,, 은은한 단맛에 고소하고 바삭한 크럼블,, 블루베리 상큼하고 아이스크림 시원하고 극락 오가는 맛;; 군데군데 마음 가득 쓰신 것이 느껴져서 사장님과 대화하지 않아도 공간으로 환대받는 느낌. 아무튼 좋다. 왜 우리집이 곡간 앞이 아닌가,,, ㅠ 우리 집을 옮기고 싶을 정도."
곡간,,러블리꽁2881,3.15.일,동네 산책하면서 커피 한 잔💖 행복 그 자체!! 커피도 넘 맛있고 분위기도 아늑하고 사장님도 친절^^ 주말 아침 행복 스타트~~💖
곡간,,또이7670,3.11.수,자주 가는 신창면 카페. 곡파모는 처음 해봤는데 시간 가는 줄 모르고 편하게 떠들다 왔네요. 카페 상시 메뉴도 다 맛있는데 곡파모 메뉴는 곡파모에서만 먹을 수 있으니 더 맛있습니다. 아침부터 재팥씨와 함께 해서 기분이 더 좋았다네요 ㅎㅎ
곡간,,이두시기,3.4.수,"우연히 탐색한 동네에서 만난 곡간, 이번에는 곡파모(곡간파인모닝) 다녀왔어요. 인사이트 넘치는 사장님과의 대화로 감사한 인연들로 마음 가득채워 나섭니다. 또 봬요🙏🏻"
곡간,,app****,3.1.일,비건지향하는 저는 비건카페 비건음식점에 관심이 많아요 후무스를 좋아해서 찜콩해 두었는데 마침 지나가는 길이라 들렀어요 사장님 친절하시고 여행중이라 하나만 골랐는데 사장님께서 선물까지 챙겨 주셔서 감동 받았어요 후무스가 냉동 상태라 숙소와서 살포시 맛만 보았는데 깔끔하고 담백하고 맛있어요
곡간,,레이첼78,2.19.목,카페가 아늑하고 귀여운 고양이도 있고 음료도 맛있어요 잘 쉬다 갑니다
곡간,,illiiiliillli,2.16.월,친절하고 후무스와 커피가 맛난곳 고양이 애교많음ㅎㅎㅎㅎ 리뷰이벵으로 받은 콩낭시에도 맛나요 여행 아침에 간단하게 들려서 커피한잔하기 좋은곳입니다
제주베지스,,김동근15,4.21.화,오늘도 건강하고 맛있는 음식 감사합니다. 사장님 더욱 번창하세요~♡
제주베지스,,쏭222,4.21.화,여기… 자주 오고 싶어요! 음식이 너무 신선하고 건강하면 보통 밍밍하거나 맛이 없을 법도 한데 여긴 너무 맛있어요👍
제주베지스,,나와연,4.20.월,채식 식당을 찾아 왔는데 음식이 신선하고 맛있어요! 베지롤 먹었는데 불향이 나서 고기가 들어있는 것 같아요. 신선하고 건강한 음식이라 먹고도 기분좋은 배부름이네요~ 다음에 다른 메뉴들도 먹으러 올게요!
제주베지스,,함께만드는이야기,4.20.월,지나가다 오고가며 궁금했던 곳인데 드디어 와봤네요 :) 깔끔하고 정갈한 음식이 대접받는 느낌이 들어요. 기분좋게 식사하고 갑니다. 다음 방문엔 또 다른 메뉴도 먹어보고 싶네요 !
제주베지스,,신선미70,4.19.일,제주도 여행올 때마다 들르는 곳이에요! 항상 직원분들이 친절하시고 맛있어요! 크림새우가 진짜 bb
제주베지스,,있는 그대로 출판사82,4.19.일,동네에 귀한 채식레스토랑이 있어 방문했는데 공간도 너무 꽤적하고 음식도 너무 맛있어요 : ) 앞으로 자주 올 것 같아요!
제주베지스,,생크림뚜,4.19.일,제주도 여행와서 비건레스토랑 찾아왔어요. 인테리어 정말 멋지고 음식도 정말 마음에 듭니다. 정말 건강해진 기분입니다!! 꼭 리뷰이벤트 하세요~ 후식이 정말 맛있어요~
제주베지스,,아나이스6645,4.18.토,여행중 언니생일이라 방문했는데 식단조절하는 사람에게 너무나 최고인 식당이예요! 음식이 하나같이 다 너무 맛있어요!
제주베지스,,걍조아서,4.18.토,너무너무 맛있고 채식이라 건강하고 좋아요~~ 다음에 또 오고 싶게 만느는 곳이에요!!
제주베지스,,u3u2023,4.18.토,"비건 지향으로서 흑돼지와 해산물을 즐기기 어려운 제주 여행자에게 추천하는 멋진 식당. 모든 메뉴가 맛있고 비건, 락토, 페스코 등 다양한 선택지를 제공해요."
서리논식당,,Jayden2921,4.13.월,"전날 몸국을 먹고 너무 맛있어서 서리논밥상을 먹어보고 싶어서 다음날 바로 방문했습니다. 생선은 겉바속촉으로 너무 맛있었고, 제육도 간이 딱 적당하면서 고기도 부드러웠습니다. 반찬들도 싱싱하고 메인메뉴들과 너무 조화로웠습니다. 제주도를 떠나기 전 이틀 연속 같은 곳을 방문했던게 전혀 후회되지 않을 정도의 맛이었습니다! 다음에 제주도를 또 오게 되면 꼭 다시 찾을게용"
서리논식당,,undecidedlife,4.13.월,맛있게먹었습니다!!
서리논식당,,truereviewerrr,4.10.금,"숙소 근처 음식점을 찾다가 발견한 곳이에요. 서리논밥상 먹으려고 갔다가 냉삼 먹고 왔어요. 제주산 돼지였고, 다른 냉삼집보다도 맛이 좋았어요. 밑반찬들 하나같이 다 맛있고, 쌈 야채도 신선했어요.  사장님 음식 솜씨가 좋으시더라구요. 곁들임 된장찌개는 최고였어요. 바지락과 꽃게가 우러난 시원한 꽃게탕 맛! 된장찌개는 포장해 오고 싶었어요.  혹시나 아이 먹을 김이 있는지 여쭸는데 김 제공해 주셨구요. 공기밥도 눌러담은 듯 많은 양이었어요.  사장님도 친절하시고 만족스러운 식사였네요. 익일 아침 식사도 하고 이동할까 해요.  제주 서쪽 여행하실 때 꼭 들러보시길 추천합니다."
서리논식당,,바기슬슬,4.8.수,"숙소 근처 오가며 보다가 한번 가봐야겠다 싶어서 오픈런 했습니다. 일단 다 필요없이 동네 식당인데, 정말 청결하고 정갈하고 깔끔합니다! 2명이서 몸국과 서리논밥상을 시켰는데 음식사진이 없는 이유는 맛보자마자 이거다 싶어서 순식간에 해치웠기 때문이에요😅 웃으며 맞이해준 사장님과 정말정말 깨끗한 주방과 말한마디 없이 순삭하게 만든 반찬과 음식들, 그리고 유채꽃이 넘실대던 창밖풍경까지💗💗 여행 끝나도 계속 생각날거 같아요! 자진해서 솔직한 리뷰 남겨봅니다"
서리논식당,,hea1****,4.4.토,몸국이 맛있다고해서 일부러 먹으러 왔어요. 진짜 맛있네요.
서리논식당,,마거리트10,3.26.목,옥돔구이도 나오고 인당 만원에 반찬 고기까지 고루나오고 국도 주시고 구성이 아주좋습니다 친절하시고 음식도 빨리나왔어요~ 제주도 현지분들이 많이 찾으시는식당인것 같았어요. 아이랑갔는데 아이먹으라고 귤도 주셔서 감사했습니다~~
서리논식당,,Poko7,3.25.수,몸국 고소하니 맛있어요 잘먹었네요.
서리논식당,,ftt****,3.22.일,검색해서 가까운 곳으로 간 식당이였는데 너무 맛있게 잘먹고 나왔습니다. 몸국이 정말 맛있었습니다^^
서리논식당,,우리릴리,3.19.목,처음 방문했는데 주차장이 넓어서 주차하기도 편해서 좋아요 그리고 반찬 가짓수도 정말 다양하고 음식이 정말 맛있어요 사장님 손이 크신지 반찬 양들도 엄청 많네요 아이도 한그릇 그냥 미역국에 말아서 먹었어요 김치찌개랑 밥상 시켰는데 2인분 양이 아닌듯 가성비 최고의 맛집^^
서리논식당,,zzxakzz48,3.18.수,"친구들이랑 게스트하우스 가기전 드라이브 하다 발견 !!  평소 도전을 좋아하는 저는 해물뚝배기가 아닌 제주 몸국을 먹어보기로 했어요 ~~  처음보는 비주얼에 잠깐 당황했지만 , 먹어보니 완전 맛있어요 !  해물뚝배기 시킨 친구들도 맛보더니 , 몸국 하나 추가 ! 해물뚝배기도 맛있지만 다들 몸국에 정신 팔려서 몸국을 먹더라구요  돌아가는날 또 방문 예정 ! 제주 여행 시작 완전 최고 ~~~"
용수씨,,밖만치,3.31.화,"제주 서쪽 여행 중이라면 조용하게 쉬어갈 수 있는 오션뷰 감성 카페로 한경면 용수리 카페 용수씨 추천! ✨️ 오션뷰도 넘나 예쁘고, 맛, 감성, 재미까지 다 갖춘 곳이라 저는 이미 또갈집으로 확정이에요~! 갓 만들어주신 콘치즈 토스트도 짱맛탱! 1인 카페라 손님이 많으면 살짝 기다림이 필요하지만 미니 포켓볼도 치고 바다멍 때리고 있으면 금방 나와요~~~~ 😋😋"
용수씨,,chl****,25.12.15.월,"뷰가 너무 좋아요~ 커피와 생강라떼, 아이스크림 크로플까지 다 넘 맛나요~!!"
용수씨,,s박대위,25.11.4.화,멋진 노을을 볼 수 있는곳이라 들렀는데 조금 늦었어요. 겨울이라 해가 짧아진듯. 수삼쉐이크가 특이합니다. 노을 좋아하시는 분이라면 꼭 들러주세요
용수씨,,nic****,25.10.27.월,"한적하고 조용한 동네에 용수리에 있는 용수씨 ^ 뷰가 너무너무 좋은 카페였어요 ㅎ 커피한잔 사들고 주변 걸어다니는데, 이게 제주도구나 싶었어요 ㅎㅎ 서쪽 여행 중이라면 한번 들려보세요 ~"
용수씨,,따염,25.10.24.금,바다 뷰 카페. 친절하시고 보드게임도 할 수 있다
용수씨,,은빛여우4999,25.9.15.월,"환상의 자전거길 가운데 있는 한적한 카페에요. 저흰 김대건 신부 기념당 가는길에 들러서 당충전과 함께 여유로운 힐링타임을 보냈답니다~ 주차편하고 쾌적한 실내에서는 보드게임이나 미니당구도 즐길수 있었어요. 카페라떼, 한라봉요거트에 아이스크림 크로플 조합은 말해모해요! 무엇보다도 조용하고 전망이 좋아서 데이트하기 좋았습니다~~"
용수씨,,tngml4127,25.8.5.화,"음료랑 디저트도 너무 맛있고, 안에 보드게임 도구가 많아 여유롭게 시간보내기에도 너무 좋았어요!!"
용수씨,,log****,25.7.21.월,"해안도로 가다가 만난 멋진 카페예요. 노을지는 풍경을 보면서 맛있는 크로플과 커피를 마실 수 있어서 행복했고, 아이들이 놀 거리가 있어서 온전히 뷰를 느낄 수 있어서 좋았어요. 뷰와 맛있는 커피를 원한다면 이곳 용수씨 추천합니다!!! 👍👍"
용수씨,,다굠이,25.7.17.목,"제주 한경면 오션뷰 예쁜 ‘용수씨 카페’ 다녀왔어요🌊 바다 보면서 음료 마시고 보드게임까지 즐겨서 너무 재밌었어요!한라봉 에이드랑 아아 둘 다 너무 맛있었고, 햄치즈토스트도 꿀맛🍞미니 당구도 있고, 내부도 아기자기해서 사진 찍기 좋아요📸 사장님도 친절하셔서 기분 좋게 머물다 왔답니다💛"
용수씨,,찡긋4664,25.7.14.월,사장님 정망 친절하시고 음료 크로플 메뉴 하나하나 사장님의 정성이 느껴쪄요! 보드게임도 있어서 진짜 시간 가는지 모르고 놀았네용^^ 바로 앞이 바다여서 뷰도 정말 멋있고 좋았어용><🫶🏻
산노루 제주,,내일부터진짜다이어트,3.20.금,"휴무일을 기다려 드디어 왔지만 디저트가 엄서서 아수웟댜,,,, 흑임자 크림 말차 라떼 꼭 드세요🍃"
산노루 제주,,앤0281,2.18.수,"말차러버라면 한번은 들러봐야 할 곳 여유로운 분위기와 깔끔하고 향긋한 말차, 호지차 너무 맛있어서 세작이랑 말차생초콜릿도 추가해서 먹었어요."
산노루 제주,,하늘바라기911,2.15.일,말차 좋아하는데 두유 옵션이 있어서 갔어요! 근데 두유대신 오트로 바뀐거 같아요 말차음료/디저트와 호지차 음료도 종류가 다양해서 좋네요 말차도 맛있고 호지라떼도 구수하고 풍미가 깊은게 맛있었어요😋
산노루 제주,,신장동야옹이방범대,1.4.일,"맛있음,컨셉좋음…. 아 인테리어 컨셉이 잘 안맞음… 진짜 인테리어만 좀 더 무채색의 컨셉으로 개선되고 노키즈존이었음 정말 오랜시간머물고 가고싶은 카페일것같음."
산노루 제주,,choigrit,25.12.28.일,말차전문카페로 공간도 넓직하고 깔끔하면서 말차도 맛있어요
산노루 제주,,예술사랑,25.12.27.토,기대하며 찾아갔던 곳인데 맛은 평범했고 손님한테 관심없는 느낌입니다. 제주에 갈때 다시갈것 같지는 않습니다.
산노루 제주,,miso21,25.12.20.토,말차와 말차 초코렛의 조합은 정말 좋네요. 말차러버라 라떼말고 찐말차좋아하는데 이집이 찐이네요! 덕분에 힐링하고갑니다. 담번에 또 들르겠습니당!
산노루 제주,,기록한줄,25.12.12.금,진짜 말차를 마시고 싶다면 여기로!!
산노루 제주,,큐웅49,25.12.6.토,인생 말차카페예요! 오설록 갈 필요 없고 산노루가 처ㅣ고예요 ㅠㅠ 서울 올라가서도 가고싶으먄 어쩌지 했는데 삼성에 잇어서 꼭 가랴구요
산노루 제주,,도로시2,25.11.13.목,말차 아주 깔끔하게 맛있어요 두잔 마실뻔 😋 강아지도 동반 가능하고 사장님도 친절하세요
카페 온결,,vronica,4.5.일,such a cute cafe!!!!! its right by the sea so i visited by accident and it was so nice!!! you cant see the sea from the cafe but you can see the windmills and its so beautiful!!!
카페 온결,,아리보라63,4.4.토,지나가는 길에 아메리카노 먹고싶어서 들렀는데 커피도 맛있도 아몬드쿠키가 진짜 짱 맛있습니당!!!! 매장이 곳곳이 그림같이 예뻐서 더 머물고 싶은 곳이었어요! 추천👍🏻
카페 온결,,맘엔마미,3.28.토,공항가는길에 들른 커피숍. 분위기에 취해서 집에 못갈뻔했어요. 친절하게 반겨주셔서 감사합니다!
카페 온결,,뇨뇨뇨뇨니,3.26.목,해가 질랑말랑 할 때 오는 카페 온결은 언제나 옳다!! 햇빛이 촤르르 하고 들어와서 너무 따수워요!! 제 최애는 브로콜리스프🥦
카페 온결,,예리노,3.20.금,"제주도에서 조용히 힐링하고 싶다면 카페온결 추천해요 ☕️ 우드톤 인테리어가 따뜻하고 정갈해서 들어가자마자 편안한 느낌이 들었어요.  아이스커피는 깔끔하고 산미가 과하지 않아 부담 없이 마시기 좋았고, 함께 시킨 떡과 꿀 조합이 정말 잘 어울려서 간단한 디저트로 딱이었습니다. 플레이팅도 깔끔해서 사진 찍기에도 좋았어요.  전체적으로 분위기가 차분해서 혼자 시간 보내기에도 좋고, 여유롭게 쉬다 가기 좋은 공간이에요. 재방문 의사 있습니다 🙂"
카페 온결,,애월뽀로롱,3.11.수,시그니처만 주문했는데 너무 맛있어요. 매장도 넓고 아늑하고 깨끗하고 좋아요. 강추입니다.
카페 온결,,hzzz22,3.8.일,제주 서쪽에서 지내는 동안 자주가는 카페. 판포포구 근처에서 커피맛이나 분위기 생각했을 때 가장 만족스러운 곳. 요즘 꽂힌 아인슈페너와 최애 간식 초코쿠키로 당충전하며 개인 작업하기 좋았고 아인슈페너에 올라가는 크림 너무 맛있어요🤩
카페 온결,,호야6424,2.28.토,우연히 들린카페인데 너무이쁘고 사장님도 친절하세요! 다음엔 머물다갈게요^^
카페 온결,,소소한결,2.12.목,"신창해안도로 드라이브 하고 협제 가는 길에 가족, 커플이 들리기 좋은 분위기 좋은 카페입니다. 브로콜리스프랑 감자스프가 있는데요 오전에 따뜻하고 든든하게 한끼 해결할 수도 있습니다. 귤쨈도 맛있어요. 가래떡 구이도..... :)"
카페 온결,,이채연373,2.12.목,길가다가 우연히 발견한 카페인데 너무 잘 들어온 것 같아요!! 책방같은 분위기도 너무 좋고 뷰가 좋아요 통창이 꼭 갤러리에 온 것 같은 느낌을 줘요 편안한 분위기의 공간에서 여유를 느끼고 싶은 분들에게 추천해요
단당류,,샤데이sade,4.12.일,말차라떼 커피 음료가 정말 맛있는 유채꽃같은 제주단당류 . 작은 룸도 있고 통창가도 예쁜 단당류 제주에서 자주오는 카페 중 하나예요♡♡ 조용하고 친절한 사장님이 계신 예쁜 카페 단당류 제주 서쪽 여행이라면 꼭 들려보세요^^
단당류,,J파람,3.23.월,커피가 넘 연헤요
단당류,,바람스,2.13.금,전체적으로는 밝은분위기.. 반려동물되서 그부분 만족.. 응대직원이 친절한느낌은 없음.. 음식은 정갈하게 나오지만 가격대비 만족스러운지는 의심.. 충전하기좋음.. 전체적인 분위기는 깨끗해보이지만 화장실같은 디테일한 부분의 청결상태는 미흡하다고 보여짐.. 청소도구는 적지않음.. 인근 영어교육도시에어 거주하여 집에서 멀지않은곳의 반려동물되는 카페나 식당은 한번씩 방문해보려하고 만족스러우면 자주가는 편인데 여기는 재방문의사가 ...  사람나름일것이므로 다른사람들은 만족스러울수도 있음..
단당류,,9033jisu,2.7.토,분위기가 좋은곳이네요 공간 분리도 되어있어서 그룹이 와서 이야기 나누기 좋을 것 같습니다~ 커피가 맛있는편이고 디저트가 다양해요~ 제주도 왔으니 말차 쫀득쿠키 사봅니다.
단당류,,쿄쿄쿄우와,2.7.토,"눈오는 날 단당류 브런치로 행복 추가 했답니다♡ 거게 들어서자마자 반겨쥬는 노랑노랑 따뜻한 인테리어 노란 식기류와 컵에 담겨 나오는 달콤한 수제 한귤차, 아메리카노~ 브런치로 딱이었어요♡  딱 제주도에 내가 있구나! 라는 생각이 저절로~! :) 아~행복하여라"
단당류,,조아짱20,2.4.수,제주 여행갔다가 커피도 맛있고 분위기도 좋았네요 아침 일찍 오픈하니 좋으네요
단당류,,클라우지,1.11.일,따듯하고 cozy한 분위기의 조용한 카페입니다~ 귤밭 뷰와 함께 노랑노랑한 인테리어가 더 따듯한 느낌을 주네요~ 커피도 맛있고 유자차도 맛있네요~ 브런치 메뉴들도 맛있어보여요~
단당류,,파란테두리4,25.12.24.수,간단한 샌드위치랑 브런치먹고싶어 찾아왔어요 노랑계열의 아늑하고 조용한 카페네요 친절하시고 음식도 맛있었어요 번잡스럽지 않아 좋네요 또 올 의향 있어요
단당류,,마루꼬62,25.12.23.화,"단당류만의 에스프레소 당몰, 송이 마시러 1시간을 걸려 달려오는곳. 너무 맛있어요~ 오랜만에 왔더니 브런치도 생겨서 정말 너무 좋네요! 오픈토스트도 먹고 카야토스트도 먹고~ 다음에와서는 플래이터도 먹어보고 싶어요 💕 올때마다 달달한 시간 보내고 갑니다~"
단당류,,샤데이sade,25.12.21.일,"제주정서 흠뻑담아 쉼, 쉴 수 있는 아담하고 예쁜 카페 단당류 수제 차도 다양하고 음료도 다양해요. 커피는 산미, 고소한 맛 선택가능하고, 룸이 있어서 프라이빗하게 쉴 수 있어요^ 예쁜 파란하늘을 감상할 수 있고, 창이 커서 좋아요 커다란 창밖으로 보이는 귤 🍊 나무, 귤밭 풍경 포인트 적립도 되서 편리해요^^ 🎄🍊🥰🎁"
당산봉식당,장소 찾기 실패,해당 없음,해당 없음,해당 없음
두모밤,,wkdghdalsdl350,4.17.금,혼자와서 먹었는데 음악도좋고 분위기도 편하고 음식도 맛있습니다 자주올거같네요
두모밤,,오백두잔이요,4.15.수,딱새우가 너뮤너무 먹고 싶은데 숙소 근처에 식당이 없어서 찾아보다가 발견한 곳. 딱새우가 엄청 크고 너무 맛있어요… 꼭꼭 방문해보세요!!! 술도 다양하고 분위기도 좋아여. 여기 주변에 고양이도 많음
두모밤,,mi_****,4.1.수,혼술하기 딱 좋은 곳!! 추천이요오! 해지기전에 와서 창가자리 앉아서 먹어도 너무 좋을것같아여!
두모밤,,오조초코,3.24.화,"안주가 너무 맛있어요... 안주랑 어울리는 사케도 있고 술도 다양하고 음악도 분위기도 좌석도 혼자와도 좋은 창가자리도 있어서 최곱니다!!👍🏼👍🏼 급 혼자여행와서 숙소근처에 두모밤있어서 왔는데 운이 좋네요💕 바로 앞에 바다뷰보면서 사케에 오뎅나베먹으니까 천국... 딱새우많이 먹어봤는데 이렇게 큰애 처음봐요!! 운좋게 혼자왔다고 위스키도 멋지게 말아주셨는데,,, 초감동... 제주도 자주와야겠습니다..👍🏼💗"
두모밤,,까꿍이64,3.10.화,"비수기, 늦은시간에 모두 문닫은 제주 한림을 여행하다가 고심끝에 선택한 맛집임니다 일단 분위기가 최고에여 .. 감귤사와 가 시즌메뉴였는데 먹느라 여성분들이 진짜 조아할 맛 🩵 데이트장소로도 조을것같아여 안주하나하나가 고급짐니다 나만 알고싶지만 오래 장사하셔야데니까 여러분 드셔보새용"
두모밤,,ilo****,3.7.토,제주 서쪽 한경면 바닷가 마을에 있는 감성 술집 두모밤! 분위기가 정말 좋고 음악도 좋아서 제주 밤을 즐기기 딱 좋은 곳이예요🩵  즉석떡볶이는 생각보다 매콤해서 맥주랑 잘 어울렸고 테이블에서 끓여 먹는 스타일이라 술안주로 최고였어용 ㅎㅎ
두모밤,,chl****,2.26.목,부부동반 모임의 마지막 밤을 여기서 보내게되어 정말 좋네요 ㅎㅎㅎ 다음에도 방문하겠습니다.
두모밤,,율무차58,2.21.토,"한림/한경에서 즉떡 찾고계시면 여기입니다. 사진리뷰 송구스럽지만, 정신차려보니 음식이 사라져있네요.  서울에 웬만한 유명 즉떡 다 먹어봤는데.. 제주도 서쪽은 두모밤으로 오세요."
두모밤,,Soulmate0227,1.26.월,사장님도 친절하시거 뷰도 좋고 고양이들도있고 바다도있고 노래도있고 낭만도 있고 위스키도 있고 다좋습니다 ㅎㅎ한적하고 좋은 두모리 바다에 있고 색색이 변하는 풍차들도 넘이뻐요!! 코젤다크 너무맜있어요 ㅎㅎ
두모밤,,빠리빠리,25.12.29.월,가게 분위기가 정말 좋아요😘
가보카,,lee****,3.18.수,"비오는날 따뜻한 라떼와 버터떡이 찰떡 궁합이네요 ^^ 인스타로만 보던 버터떡ㅎㅎ 쫀득하고 고소해요! 가보카는 디저트 메뉴를 사장님이 다 만드셔서 늘 믿고 맛있게 먹고있어요. 더~ 자주올게요, 감사합니다."
가보카,,초여름90,3.10.화,평일 오후 아이들과 달달한 디저트로 평화로운 시간을 보냈습니다. 라떼가 맛있고 그림책이 있어서 좋아요. 가보카 번창 하시길 ^^
가보카,,초여름90,3.5.목,치킨텐더 샌디치와 아메리카노 최애 조합입니다 ^^ 친절한 사장님 덕분에 자주오게되네요. 가보카 번창하세요~
가보카,,초여름90,2.24.화,"여기 샌드위치 정말 신선하고 맛있어요! 마당도 넓고 카페도 넓고 예뻐서 혼자오기도, 여러명이 함께 오기도 좋습니다. 올때마다 기분이 좋고 사진이 잘나와요. ^^"
가보카,,좀줘라,2.20.금,커피도 맛나고 샌드위치도 맛있어요. 꼭 추천해용~~ 친구모임에 자주 와요❤️👍🏻👍🏻👍🏻
가보카,,놀이방94,2.20.금,이틀 연속 방문이에요~ 오늘은 날씨까지 너무 좋아서 야외가 너무 예뻐요. 샌드위치는 당연히 맛있어요! ㅎㅎ 굿굿 에그마요랑 치킨 샌드위치에요 😊👍 아침 식사대용으로 이렇게 여유 즐기니 너무 좋네요 평일 오전이라 조용해서 여유롭고 행복해요. 아이들이 자연스럽게 책도 읽고 함께 카페를 즐길 수 있어요~매일 오고 싶어요 ^^
가보카,,놀이방94,2.19.목,추천 받아서 포장 방문 했는데 공간이 예뻐서 머무르고 싶었어요 ㅎㅎ 샌드위치 재료가 신선해서 너무 맛있어요. 에그마요는 아이들이 먹었고 치킨샌드위치도 깔끔한 맛이에요! 커피도 주문 했는데 고소하면서 진한 맛이에요~ 재방문 할게요 ㅎㅎ
가보카,,설이맘9,2.19.목,에그 샌드위치는 넘 신선하구 맛있어요! 카페 분위기나 채광도 넘 이쁘네요 음료도 맛있어서 추천합니당!!!
가보카,,liv****,2.10.화,"커피가 급할때도 오고 배가 고플때도 오고 예쁜 간식 사러도 오고 아이 라이딩 중에 시간 남을때도 오고 아이가 심심해할때 토끼구경, 동화책 읽으러도 오고 모임장소 필요할때도 오고 서류작업이 밀렸는데 도저히 집중 안될때 와서 일도 합니다.. 최고!"
가보카,,tur****,2.7.토,매장이 넓직하고 분위기가 좋고 샌드위치 종류가 다양하네요~ 커피랑 샌드위치도 맛있어요^^ 예쁜 옷이랑 악세서리도 파네요~~ 앞으로 자주 올 것 같아요♡
숨비식탁,,나무아래님,4.14.화,"방문할 때마다 구성이 다른 샐러드가 늘 감동을 안겨주는 곳입니다. 전에 먹었던 샐러드도 다 좋았지만, 이번에 나온 구운 가지는 정말 최고였어요! 좋은 사람을 만날 때, 가장 먼저 생각나는 공간입니다."
숨비식탁,,둥지7542,4.7.화,"매장 안도 정갈했고 제주를 느낄 수 있는 분위기였어요. 정성껏 준비해 만들어주신 모든 메뉴가 다 맛있었어요. 양념간장도 직접 만드신것 같은데 짜지않고 감칠맛을 더해주는 맛간장이었구요. 지금껏 본 보말중에 가장 크고 싱싱하고 맛난 보말로 만들어 주신 구수한 수두리솥밥도 일품이었고, 싱싱한 문어가 이쁘게 올라간 문어솥밥도 담백하고 맛났어요. 모두 맛있었지만 무엇보다 샐러드 소스가 너무 상큼하고 맛있어서 레시피가 궁금했어요. 친절하게 맞아주시고 정성껏 준비해 주신 음식 덕분에 제주의 마지막날을 행복하게 마무리했어요. 감사드려요."
숨비식탁,,Bada345,2.21.토,예약하고 가니 음식들이 바로 나왔고 전체적으로 맛이 너무 깔끔하고 좋았습니다!!그중에서 샐러드가 정말 기억에 남을정도로 너무너무 맛있었어요 꼭 다시가서 맛보려구요! 툭히 부모님들께서 너무 만족하셨어요
숨비식탁,,보영찌,2.9.월,하나같이 너무 신선하고 맛있었어요! 특히 샐러드 먹고 기절할 뻔 했습니다.. 건강하고 깔끔한 한 끼 잘 먹고 왔습니다 !!
숨비식탁,,헐랭이22,1.30.금,"전일에 예약하고 시간보다 거의 1시간정도 일찍 도착했는데도 빨리 준비해 주시고, 감사하고, 므너무 맛있었어요 . 어머니께서 맛있으시다고 하셔서 한시름 놓을 수 있었어요. 주차장만 조금 마련만 된다면 방문객이 너무 많아지곗죠.ㅋㅋ"
숨비식탁,,안녕3739,1.28.수,맛있습니다 👍 조미료 없이 건강하고 담백한 맛입니다 :) 찬도 하나하나 맛이 겹치지 않고 깔끔합니다. 다음에 또 방문할게요 🙌
숨비식탁,,행복하게71,1.15.목,"지도에서 우연히 찾아서 간 곳인데 너무 맛있고 정성 가득한 음식들에 감동 받고 왔습니다! 직접 잡으신 신선한 재료들 정성까지 가득 담아서 만들어 주신 것이 먹는 내내 느껴져서 정말 행복하게 잘 먹었어요.^^ 건강한 맛인데도 이렇게 맛있을 수 있다니...계속 감탄하면서 밥, 반찬, 국물 모두 싹 비우고 왔어요ㅎㅎ 내일이 여행 마지막 날이라 한번 더 가고싶었는데 휴무이시네요^^;; 제주도 오면 또 갈거예요!번창하세요.^^"
숨비식탁,,6488832,1.12.월,싱겁게 먹는 편이라서 간이 딱 좋았습니다. 테이블 위에 있는 간장으로 솥밥의 간을 조절할 수 있어요. 샐러드도 재료 구성이 좋고 소스도 맛있어서 아주 잘 먹었습니다.
숨비식탁,,차녹67,1.10.토,보말이 올라가는 수두리와 뿔소라가 올라가는 구쟁기 주문했는데 해녀 사장님이 직접 채취하고 잡으시는 것들로 차려주시는 거라 미리 예약하는 게 좋다고 해서 방문 며칠 전에 미리 예약했습니다. 원산지 제주의 위엄이 느껴지시나요🥹 굉장히 건강한 맛으로 사람에 따라 싱겁게 느껴질 수 있는데 테이블마다 간장이 있어서 기호에 맞게 조절해 먹으면 돼요.
숨비식탁,,zoo7326,1.8.목,만족스러운 집
청보리모듬생선구이,,드프로방스 청주점,3.12.목,"근처 저지오름 왔다가 밥집찾아 왔는데 찐 맛집이네요~ 다양한생선구이 정식 ,김치고등어, 반찬도 다 깔끔하고 맛있어요~ 강추 맛집 맞아요~ 제주도올때마다 꼭 들를게요~"
청보리모듬생선구이,,황화,3.12.목,혼자 갔는데 일부러 모듬구이 준다고 해서 갔는데 혼자 오면 하나밖에 안나온다고 하는데 돈은 다받네요  장사 1년했다는데 성공하진 못하겠네요
청보리모듬생선구이,,mam****,3.10.화,4명이 갔는데 정말 너무너무×100 맛있게 먹었습니다 생선구이 냄새도 안나고 제주의 맛을 느낄수있었습니다 사장님도 친절하고 밑반찬 다 맛있고 무한리필에 킹왕짱이었슴다 여기 완죤 추천임다
청보리모듬생선구이,,데헷3076,3.7.토,"지나가다 간단히 먹으려고 둘러보니 아저씨들이 소주 드시고 계시길래, 여기다싶어 주문했어요. 아주아주 특별한 메뉴가 있는건 아닐지라도, 반찬 하나하나 너무 맛나고, 생선도 전후 손질과 간에 신경을 매우 쓰신게 티가 날 정도로 적절하니 맛있었어요. 제주에 생선구이집이 흔하긴 해서 여기저기 많이 다녀봤는데, 이곳이 단연코 가장 맛있었습니다. 리뷰 남기고 싶어서 일부로 영수증 달라해서 감상 남겨봅니다. 저희 여기 오고파서 다시 제주 서쪽 여행 일정 만들어 올테니 사장님과 직원분들 건강하세요~~"
청보리모듬생선구이,,rlqmadl77,2.18.수,부모님과 나들이 가다가 들렀어요~! 생선정식 끝짱나네요 ㅋㅋ 밑반찬 다 맛있고 가성비 미쳤슴ㅜ 생선 비린내 1도 없고 짜지 않아서 술술 들어가요👍🏻👍🏻👍🏻
청보리모듬생선구이,,네로황후,1.24.토,제주 중산간 드라이브하다가 점심 먹으러 들렀는데 대박 생선 종류 엄청 많이 나오고 다 신선해요 가격 대비 양도 많고 맛도 좋아서 완전 만족했습니다
청보리모듬생선구이,,akh8688,1.21.수,모듬생선구이정식 주문했는데 생선 종류 엄청 많이 나와서 놀람 고등어김치찜이 기본으로 나오는데 이게 진짜 별미임 제육도 달달하니 맛있어서 밥 한공기 뚝딱이었어요
청보리모듬생선구이,,ch1****,1.21.수,늦은 시간에 방문했는데도 친절하게 응대해주셨어요 생선이랑 밥 조합 너무 좋고 김치찌개도 얼큰해서 좋았어요 혼자 와서 먹기에도 부담 없는 구성이에요
청보리모듬생선구이,,iphope,1.21.수,"너무 맛있게 먹다보니☺️ 사진이 험하네요. 미역국도 나오고 김치찌개도 나오고, 심지어 돼지불백까지 꼬소하니 14000원 가성비 끝판왕이네요 강추요 ^^"
청보리모듬생선구이,,swj****,1.19.월,가족들이랑 4인 주문했는데 모두 만족한 식사 생선 종류도 다양하고 밑반찬도 다 맛있어요 특히 제육이 일품이라 또 먹고 싶어요
제주어부횟집,,yan****,4.15.수,좋아요
제주어부횟집,,크리스오자르51,3.27.금,푸짐하고 싱싱한 재료와 요리 맛있는 반찬들 다 맘에 들었습니다. 가성비 최고입니다.
제주어부횟집,,부끄러버,2.24.화,사장님이 어부셔서 직접 잡아오신 고기로 사모님에 정성으로 요리하는곳입니다. 양도 엄청 푸짐하고요.밑반찬이며 회는 말할것도 없구요.매운탕은 환상그잡채 입니다. 리뷰쓰면서도 또 생각나네요~~ 꼭 한번 가보십시용~짱짱짱 저희가 식사하는 동안에도 포장하시는 분들도 엄청 많더라구요~~쵝오
제주어부횟집,,비오는날의한국화,2.13.금,"포장해와서 숙소에서 먹었는데요 글쎄요, 식감이 뭐랄까 서걱거린다고 해야할까 찰지거나 탱글거리는 식감이 없어서 신기했습니다  아마 포장보다는 매장에서 먹어야하는 집인가봐요"
제주어부횟집,,내사랑규야29,25.12.18.목,딸이 새벽배로 육지 갈꺼라.. 고기굽어 마지막 밥한끼 먹여 보내려고.. 고기도 굽고 무늬오징어도 굽고^^ 근데 울딸이 우럭조림 좋아하거든요.. 야무지게 먹습니다.. 포장한거 받아드는순간.. 맛있는 냄새~ 국물에 밥 비벼 정말 맛있게 먹었어요.. 감사합니다~~ 사장님 음식 솜씨가^^ 여기 장어에 삼겹살구이가 유명하다 들었거든요.. 조만간 운전해줄 일행오믄.. 들릴게요~~
제주어부횟집,,퐁퐁131,25.12.13.토,신선하고 쫄깃쫄깃해요 ! 양도 많습니당 또 가고 싶어용
제주어부횟집,,shi****,25.12.10.수,"진성호 낚시하고 간 식당이에요~ 인당 12,000원에 이런 훌륭한 퀄리티의 식사를 할수있어서 너무 행복했습니다 밑반찬 너무 맛있고 매운탕이 정말 최고였어요 담번에 또 방문할게요 맛있는 식사 넘 감사했습니다"
제주어부횟집,,cjh****,25.12.9.화,낚시해서 잡은고기 요리도 해주시고 회도 팔고하더라구여..반찬은 종류 많고 맛있습니다 (미역무침 맛있어요) ㅋ 사장님 친절하세요 매운탕은 배추를 넣어서 그런가 제 입엔 별루였어요. (사진은 제가 잡은고기 얼마안돼 겨우겨우 회떠주신겁니다) ㅋ;;
제주어부횟집,,내사랑규야29,25.11.30.일,한림가서 활어를 얻어왔음^^ 동네 어부횟집에 손질 맞기고.. 김섭앙은 금성마트로~ 지리용 야채랑 쌈용야채~ 소주랑 콜라랑^^ 사러 다녀옴^^ 금성마트 수산코너는 안썰어 주긋지 싶어ㅎㅎ 담에 물어봐야지~ 한림에선 썰어주는뎁.. 거리가 멀어.. 집근처 횟집을 이용해봄~ 울집 고급인력.. 김쉐프 손 빠르게 지리끓여^^ 맛나게 잘 먹었네요 ㅋ 그나마 집앞에 대형마트가 있어 새삼 고마운 오늘~ 허허벌판.. 수월봉아래.. 밭때기뷰만 수북해서ㅋㅋ 촌동네 일년살이 하는동안.. 밤 외식이 사라졌음^^ 대리도 읍고.. 택시도 조기퇴근이고~ 매일 하루도 안거르고 금성마트를 가는듯.. 술시는 항상 집에서^^ 오늘 어부횟집 첨 이용해봤거든요^^ 동네 삼촌이 추천해줬던 맛집이예요~ 깔끔하고 넓고 주차편하고^^ 가격도 착했음~
제주어부횟집,,nailao,25.11.26.수,반찬 구성이 좋고 우럭 매운탕 맛있게 먹었습니다!! 서비스로 주시는 전도 정말 맛있어요 ~~~!!
핀토르,,lee****,24.9.26.목,드립먹어보고싶었는데 필터 안 된다 하셔서 샷으로 마셔서 아쉬웠어요 필터커피 마시러 다시 와야겠어여
핀토르,,지화자82,23.12.4.월,해장국 먹고 카페 찾던 중 이른 시간인데도 반갑게 맞아주셔서 맛있게 커피 마시고 왔어요. 한라산도 보이고 멀리 이름 모를 오름도 보이네요. 자연 풍경을 보며 마시니 커피가 더 맛있게 느껴졌어요. 직접 로스팅도 해주시고 핸드드립으로 내려준 커피를 마시니 대접받는 느낌이었어요. 감사합니다.👍🏻
핀토르,,ej****,23.8.7.월,커피와 음료가 맛있습니다. 로스팅을 직접 하셔서인지 더 신뢰가 갑니다.
핀토르,,잠시멈추어쉼표를찍다34,23.7.27.목,"커피를 직접 블랜딩하시는데, 커피 너무너무 맛있어요! 분위기 조용하고, 편안해요. 아이들 승마교육장 위에 위치하고 있는데, 아이들 기다리면서 꼭 커피 한잔 하세요!"
핀토르,,새벽곰,23.7.10.월,남자 바리스타 쌤 항상 맛있게 내려주십니다. 원두 구입하면 드립백 서비스도 있네용.
핀토르,,algush,23.7.6.목,조용하고 한적해요~ 여기까지 오는 길도 자연이 너무 예뻐요 ㅎㅎ 커피도 맛있고 사장님이 커피를 애정하신다는 게 느껴집니다! 디카페인 커피를 즐기는데 디카페인도 선택이 가능해서 아주 좋아요✨
핀토르,,wls****,23.7.3.월,저지오름쪽 갔다가 커피가 맛있다고 해서 들렸어요~ 라떼 너무 부드럽고 향이 좋아서 맛있게 먹었습니당!-! 원두도 다양하게 팔고 있어서 구경하는 재미가 있네요~
핀토르,,행운가득60,23.6.14.수,커피가 맛있어요 대화하기 좋아요
핀토르,,Jeje20,23.5.18.목,원두는 꼭 여기서 사요. 좋아요!
핀토르,,Skagen,23.4.25.화,커피 빈 갈아서 사갔어요.
또또공간,,러블리898,25.4.20.일,"아기자기 예쁜 공간, 조용하게 책 읽기 좋아요~ 또마또에이드 맛있고요~ 케이크는 아주 고급진(?) 맛은 솔직히 아니었지만 잘 먹었습니다^^"
또또공간,,꾸르미주,25.4.10.목,혼자 시간 보내기 좋은 카페에요~ 조용하고 음악듣고 글쓰고 책보고 시간가는줄 몰랐어요 힐링되는 공간 강력추천드립니다 !!!
또또공간,,음5462,25.4.4.금,오늘은 반드시 케이크를 먹어야하는 날이라 예약없이 왔는데 케이크 두종류가 잇었어요 두개 다 맛있어보여서 고민하다가 딸기 생크림 케이크 골랐습니다. 북카페라 인테리어도 예쁘고 조용하고 좋아용 사장님도 친절하시구요~~~ 다음엔 진득하니 머무르다가 가고싶네요
또또공간,,Aloof,25.3.28.금,평일 낮에 혼자 방문했습니다 아쉽게도 쿠키 종류는 남아있지않아서 케이크랑 차를 마셨는데 다 맛있었어요! 간만에 조용한 공간에서 책을 읽고 싶어서 들른 곳인데 만족합니다. 공간도 이쁘게 꾸며져있고 책도 적당히 많아서 좋아요! 다음에 제주도에 놀러와도 다시 방문하고 싶은 곳입니다! 번창하세요!!!
또또공간,,hyeunilove,25.3.27.목,"비가 많이 내리던 오후에 근처 카페 검색중에 북카페라고 해서 방문했습니다. 저와 방문했던 지인 둘 다 책을 좋아해서요. 주문하려고 카운터앞에 섰는데 대뜸 “여긴 독서공간이라 대화는 하지마셔야하는데 괜찮으시겠어요?” 라고 물어왔습니다. 비를 털고 막 들어온 손님한테 할 인삿말치고는 참 기분이 안 좋더군요. 저희가 막 떠들면서 입장한 것도 아닌데 말이죠. (현관에서 카운터까지는 세발자국 정도밖에 안됩니다.) 카페사정상 이야길 해야겠다 싶으면 주문을 먼저 받고, 차분히 설명을 해주셨으면 좋았을텐데 저희 둘 다 여긴 두번 올곳은 아니네, 라고 했습니다. 말이 아 다르고 어 다른데 말이죠. 사장님인지 종업원인지 잘 모르겠으나 좀 참조해주셨으면 해서 남깁니다."
또또공간,,도라에몽아사랑해,25.3.16.일,오늘 우박 내리고..비바람치고 흐리고 슬픈 제주도였는데 여기와서 너무너무 행복하게 힐링하고 가요 ㅠㅠ 분위기도 너무 조용조용 좋고 따뜻하고 책도 많아요 창 밖 풍경도 좋아서 따뜻한 차 마시면서 책 읽는 이 시간이 너무 행복하네요 ... ㅠ 아쉬웠던 제주도 이 곳 덕분에 바로 행복했던 제주도로 바뀌네요❤️
또또공간,,aar****,25.3.15.토,힐링돼서 공부하기 좋아요
또또공간,,용륜,25.3.15.토,한림의 숨은 명소에요
또또공간,,존잘재승,25.2.27.목,감성 공간으로 책 읽고 작업하기에 너무 좋아요 커피도 맛있고 사장님도 너무 친절하세요 감성 채우고 싶은 분들은 강추에요
또또공간,,liikkil,25.2.20.목,큰 케이크는 부담스러울 때 딱이에요! 맛도 최고입니다~~ 쿠키도 맛있어요 ♥️
하이헬로블루 차귀도,,얌얌7862,4.20.월,걷다가 지쳐서 쉴 겸 들어왔는데 차귀도 외도 풍경도 멋있고 커피도 맛있어요.
하이헬로블루 차귀도,,요루31,4.20.월,바람부는데 나타난 카페에 들어오니 따스하고 맛있어요🥰
하이헬로블루 차귀도,,sml****,4.20.월,내용 없음
하이헬로블루 차귀도,,bo****,4.20.월,"차귀도가 바로 보이는 위치에 있어요. 날씨가 흐렸지만 뷰가 좋았어요. 커피, 음료 다 맛있었습니다!"
하이헬로블루 차귀도,,imo****,4.19.일,차귀도 앞 카페와서 맛있게 잘먹었어요
하이헬로블루 차귀도,,totoro41,4.19.일,내용 없음
하이헬로블루 차귀도,,day****,4.19.일,카페뷰도 너무 이쁘고 편안한 분위기에서 여행왔을때 방문하기 좋을거같아용
하이헬로블루 차귀도,,하하하하하45,4.19.일,우연히 들렀는데 주차하기도 편하고 차귀도가 아주 잘 보이고 아주 좋습니다 아메리칸도 플레인 요거트 주문해서 마셨는데 맛도 좋아요
하이헬로블루 차귀도,,지우 그랜맘,4.18.토,분위기좋고 커피맛좋구~~ 뷰가 넘 좋습니다
하이헬로블루 차귀도,,na0****,4.18.토,조아요
8월의중식,,봄날오후처럼,3.11.수,"제주 여행 마지막날 들린 중식당입니다, 잠봉고기 올린 짜장과 오므라이스, 짬뽕까지 먹었는데 요리가 아주 깔끔하고 맛있어요~ 사장님들도 친절하셔서 기분좋게 대화까지 나누며 서울로 올라갑니다! 건네주신 귤까지 너무 달달하네요! 덕분에 기분좋은 식사 한끼하구 가요~"
8월의중식,,돌핀남편,3.10.화,정말 맛있고 친절하시고 다시 오고싶은 곳
8월의중식,,woo****,3.2.월,제주까지 와서 먹은 짬뽕! 너무 맛있어서 후회 없어요 ㅎㅎ
8월의중식,,별빛눈물,2.4.수,싱게물공원 가는길 촐촐해진 시간 ~ 동네 맛집을 검색하던중 의아?하며 궁금해진곳이 있어서 들렀어요. 오 ~ 멀까 ? 했는데 두 사장님 친절하게 맞아주시네욯ㅎ 메뉴고민하다 삼선짬뽕과 흑돼지 치돈 시켰는데 전문점보다 더 잘난 비주얼에 한번.. 맛에 놀래며 그릇까지 긁어먹었어요ㅡ 이런저런 이야기도 나누고 특별한 소스 까지 내주시고 넘 맛있고 여행지에서 이런 특별한 곳을 맛보다니 입도 맘도 즐거웠어요. 또 들러도 반갑게 맞이해주실거 같아요 ㅎ
8월의중식,,밀바엔형주,25.12.26.금,바람이 너무 많이 불어서 숙소 근처에서 식사 해결하려고 찾아보다가 갔어요! 매장 식사는 안되는 상황이라 포장해서 먹었습니다 메뉴가 정말 다양해서 사장님께 추천받은 오므라이스로 먹었는데 소스도 맛있고 계란도 부드럽고 정말 맛있게 먹었습니다!👍  바람이 너무 많이 불고 뚜벅이 여행자라 돌아가는 길을 걱정하고 있었는데 사장님이 식사 하시다 말고 숙소까지 태워주셨어요 너무 감사합니다ㅠㅠ
8월의중식,,바람몰이16,25.12.15.월,맛있어요 탕수육소스도 맛있고 ㅎㅎ 사장님도 친절하세요
8월의중식,,쩝3715,25.11.16.일,너무맛있어서사진을못찍었어요ㅜㅜ돈가스소스가 진짜맛있어요!븡어빵도 서비스로주시고 사장님사모님이 정말친절하세요!!!
8월의중식,,유도현91,25.11.1.토,내용 없음
8월의중식,,안드레아제주,25.10.20.월,흑돼지고기짜장.탕수육시켜 먹었는데. 짜장도 정말맛있어요. 고기수육? 올려졌는데 넘 부드럽고 맛나네요. 간도 딱좋고 싹싹 긇어먹었네요. 찹쌀탕수육 겉바속촉의 정석. 귤을통째로 갈아 만들은소스가 풍미를 살려줘서 배부른데도 하나도 남길수가 없었구요. 완정 강추합니다. 다음엔 짬뽕도 먹으러와야겠어요. 숨은맛집을 찾았습니다~^^
8월의중식,,먹더리의맛집여행,25.10.9.목,ㅎㅎㅎㅎㅎ 특이해요~ 맛은 음 …저는 그냥 그랬어요^^;;
발리가든,,잉7466,2.18.수,고기 가격도 다른데에 비해 저렴한편이고 맛도 좋았어요 그리고 된장찌개가 너무 맛잇아요 꼭 시켜야해요 날 풀리면 또 오고싶어요!
발리가든,,축구93,2.4.수,"고기 질도 진짜 좋았고, 숯도 좋아서 맛있게 먹었습니다! 채소나 다른 것도 신선해서 체고였음다"
발리가든,,유승89,1.18.일,남자 3명이서 왔는데 네 좋아요 그냥 또 오고싶네요
발리가든,,물음표44,1.14.수,고기가 너무 신선하고 맛있었어요!!! 숙소 주변 식당이 여기밖에 없어서 간건데 너무 만족했습니다!! 최고!!
발리가든,,msj****,25.12.25.목,두번째 방문합니다! 식육 식당이라 고기 신선도가 너!!! 무 좋아요🖤 곁들임 고추 다대기는 신의 한수입니다... 여름에 오면 더 맛있겠지만 겨울 고추 다대기도 맛있어용 캠핑 분위기 좋아하시면 꼭 들려보세요 반려견 동반에 고기까지 맛있어서 너무 좋아하는 집입니다 😉 사장님 좋은 서비스까지 감사합니다!
발리가든,,으노기98,25.12.18.목,숙소에서 가까워서 우연히간 흑돼지고기집~~ 맛있어서 이틀내내 저녁은 여기픽~~~♡ 고기는 기본으로 너무맛있구요.계란찜도 너무 맛있고 공기밥은 윤기가 좔좔~~ 두번째갈땐.사장님이 알아봐주시고. 마시멜로 구우라고.따로 숮불까지.주시는센스~~ 마시멜로 별로 안좋아하는데...정말.노릇노릇구워서. 한입먹음.박수가.절로 나오는.. 고기도 진짜.너무 맛있어요~~넓은 마당은.반려견들 놀기도 좋을거같아요. 이틀내내.우리 저녁을 책임져준.발리가든..너무너무 추천합니다.
발리가든,,하령1,25.11.15.토,고기도 너무 너무 맛있고 (목살 진짜 촉촉쫄깃) 분위기도 좋고 무엇보다도 아이들이 너무 두시간 잘 뛰어놀아서 편안하게 식사할 수 있었어요. 잘 되서 자주 오래 오고 싶은 곳이에요. 이 넓은 곳에 호젓하게 두 가족만 먹어서 죄송할 지경이었어요. 사장님 너무 신경 많이 써 주셔서 좋았네요 !! 감사합니다.
발리가든,,피리81,25.11.9.일,"아이들이 더 즐거운 식사시간이었습니다🥰 엄청 친절하시고, 정원이 있어서 아이들이 열심히 뛰놀더라구요! 요새 이런 식당이 잘 없어서 유튜브만 보여주기 쉽상이었는데 정말 좋았습니다. 배드민턴치고,공놀이하고, 방방이타니 시간이 금방 갔어요~ 다음에 또 오겠습니다^^ 기분좋은 여행입니다. 감사합니다:)"
발리가든,,chl****,25.10.25.토,야외테이블이어서 마음에 쏙들고 고기도 너무 맛있고 직원분과 사장님도 다들 친절하셔서 넘 좋았습니다🫶🏻🫶🏻
발리가든,,Pineun,25.10.25.토,뷰도 너무 좋았고 고기도 너무 맛있게 잘 먹었습니다!
제주도란다,,Now just relax,23.12.18.월,뷰가좋은... 노을뷰가 나오는 제주도 신찰 풍차마을 카페 🏝☕️. 오늘 비록 구름이 많아서 아쉬었지만 날이 좋으면 노을을 보며 여기서 하루를 마무리 하고 싶다. 🍩🍰🍪🧁
제주도란다,,소라빛청아,23.12.6.수,"제주 도넛+오란다 = 도란다 도넛 모양의 오란다 의외로 맛있어서 한번 먹게 되면 멈출수가 없었어요!  넘나 귀여운 모양이라 사진찍고 맛 보는데 반틈이 순삭된거 있죠? ㅋㅋ 그리고 땅콩 오드리 라떼 부드럽고 고소해요. 땅콩 특유의 향이 진하게 나고 달달해서 오란다와 먹기 좋네요🎵  게다가 신창풍차해안도로 바로 앞이라서 뷰도 정말 좋아요. 오션뷰 보면서 힐링, 일몰때도 넘 이쁠 것 같아요. 미세먼지 심한 날에 와서 아쉬웠지만 다음에 날 좋을때 온다면 힐링하기 좋겠어요.  1,2층 모두 넓고 3층 루프탑도 있어서 친규, 가족들 다 같이 오기도 좋아요😘 아! 주차장도 넓오요~ 왔다가 앞에 신창풍차해안도로 산책까지 완전 딱!✨"
제주도란다,,lIIIllI,23.12.2.토,뷰가 끝내주는곳이에요 주차도 엄청 편하고 워낙 대형카페라 좋더라구요 디저트도 맛있어서 더욱 추천 ㅎㅎ
제주도란다,,LoLLoo,23.12.2.토,뷰가 미쳤어요 카페가 조용하고 넓고 편안해서 힐링하기 좋네요 시끄러운 육지에 있다 왔는데 찐으로 힐링되는 느낌 입니다 💕
제주도란다,,모콘,23.12.1.금,추천이요~ 인스타 사진 맛집 !! 제주 풍차 해안도로 오시면 꼭. 들르세요 뷰도 이쁘고 막찍어도 사진 잘나옴.
제주도란다,,전국돼지도,23.12.1.금,여기 커피도맛있구 마늘빵도 맛있네요!! 다른곳은 바게트느낌의 마늘빵인데 여긴 식빵느낌이라 안찔기고 좋아요~ 딸도 완젼 잘먹음^^  신창해안도로라 여행객 많은 데 잠깐 쉬다 금방 가시는듯 앞에 주차공터 넓고 카페엄청 넓구 뷰도 좋음 책읽고 노트북하기도 좋아요 스벅저리가라~~~  오란다 맛있어요 맨날 빵만먹다가 색다른거먹으니 애들 잘먹네요^^
제주도란다,,에스모멘트,23.11.28.화,오란다 너무 좋아하는데 제주도란다 취향 저격 ❤️  뷰가 미쳤다 정말 ❤️
제주도란다,,mb****,23.11.27.월,"딱딱하지 않은 오란다!!!!라서 먹기가 너무 좋아요^0^ 제주를 담은 도란다여서 색깔도, 맛도 다채로워요~ 평소에 오란다 안드시는 분들도 한 번 맛본다면, 제주 도란다에 빠지 실 거예요! 앉은 자리에서 4개나 까먹어버렸어요... 이제는 뻔한 도넛 말고, 제주 기념품으로 도란다 사가야겠어요^^"
제주도란다,,jun****,23.11.25.토,도너츠를 닮은 오란다 제주 특산물을 응용해 여러가지 종류의 오란다가 있어요 맛있네요 주차장도 넓고 싱계물공원에 갔다가 들르기에 좋을거 같아요 커피도 차도 맛있어요 👏
제주도란다,,lee****,23.11.25.토,맛 굿 커피 굿 오란다 굿 2층 소파 너무 굿
소요제주,,테카포카,25.10.9.목,한적한 곳에서 힐링했어요!!! 사장님께서 직접 빚으신 막걸리가 맛있어요~~
소요제주,,bae****,25.8.8.금,내용 없음
소요제주,,ful****,25.7.16.수,가게 분위기가 너무 좋고 사장님 음악 센스도 굿입니다. 특히 지인 분들의 라이브 공연은 매우 인상적이네요. 제주에서만 느낄수 있는 분위기. 편안한 곳
소요제주,,Qnqnwpffk,25.7.16.수,처음 가본 곳인데 사장님도 친절하시고 수제 막걸리도 너무 맛있습니다!! 연인이나 친구끼리 오기 좋은 것 같아요!
소요제주,,PhDRosa,25.7.13.일,"좋은 작가의 소설이나 에세이에 등장할 법한, 조용한 마을의 밤을 채워주는 멋진 공간이다. 아름다운 주인장이 직접 만든 수제 막걸리와 계절에 따라 달라지는 맛깔스런 안주들. 그에 더해 쥔장 취향인 듯한 적당히 우울한 음악까지. 이 곳에 발길이 닿은 여행자들은 복이 많은 듯."
소요제주,,보글보글66,25.5.22.목,"분위기 최고입니다~ 사장님도 친절하시고 안주도 맛있었네요 시중에 파는 막걸리랑 살짝 다른맛이길래 물어보니 사장님께서 직접 만드신거라해서 놀랬어요 분위기 좋고 맛있는 음식, 막걸리~ 좋은 사람들과 행복한 추억하나 만들고 갑니다."
소요제주,,짱구맘7168,25.5.4.일,친구들하고 제주도 여행갔다가 가게가 너무 예뻐서 들어갔는데 분위기도 좋았어요~~ 모듬전이랑 이양주 포장해서 숙소에서 먹었는데 아양주 첨 먹었봤는데 시중 막걸리랑은 차원이 틀려요~~입 안에 느껴지는 향이 너무 좋았습니다. 담엔 꼭 방문해서 예쁜가게에서 먹자고 친구랑 약속했네요~~~
소요제주,,Cloejin,25.2.15.토,수제막걸리는 많이 먹어봤지만 전통주조 막걸리는 처음인데 막걸리 정말 맛있네요. 사장님 지인분들 갑작스런 공연? 기타연주와 라이브 너무 좋았습니다.
소요제주,,지몬맨,25.2.13.목,"최근 소요제주를 방문하게 되었는데, 아늑하고 편안한 분위기 덕분에 친구들과의 모임이나 가족과의 식사에 최고의 장소라고 생각합니다. 특히 막걸리가 저의 기대를 뛰어넘었습니다. 부드러운 질감과 고소한 맛이 어우러져 한국계 위스키를 연상케하는 맛이에요. 걸죽하게 한모금 들어가면 세상 깜짝 놀래요. 안주도 사장님 솜씨가 좋아서 다 맛있고, 손에 조미료가 장착되어있어서 감칠 맛 좋아요 ! 친절한 서비스 또한 식사를 더욱 즐겁게 만들어 주었고, 한번 가고 계속 가고싶어지는 곳이에요.  승승장구하세요 !!"
소요제주,,재키럽0,25.2.12.수,서쪽에서 핫한 조수리에 힙한 막걸리집이라니 분위기있는곳에 안주도 맛있는데 수제막걸리까지👍🏾 안올이유 없고 다시 오고 싶게 하는 곳이에요 다음엔 혼자와서 혼술하기 좋은 바에서 한잔해야겠어요🥰
코삿호다,,vrl****,1.29.목,사장님께서 크나큰 친절을 베풀어주셔서 오늘 하루 기분 좋게 여행을 시작하게 되었어요. 근처 식당을 가려다가 문을 닫아 우연히 방문하게 된 카페인데 아기자기 귀여운 소품들도 너무 예쁘고 딸기라떼가 진짜 맛있었습니다🩷 앞에 판포포구에서 수영하고 오는 관광객들 때문인지 라면을 판매하시는데 바다를 보며 먹는 라면의 맛은 정말 꿀맛이었습니다! 겨울에 먹었는데두 맛있었어요 ㅎㅎ 다음에 제주에 오게 되거든 또 들릴게요! 감사합니다🤍
코삿호다,,꼴뚜기12,1.7.수,예쁜디저트와 맛난 커피 거기에 미친 뷰까지!!! ㅎㅎㅎ 날이 안좋았는데도 앞에 바로 바다가 있어서 바다구경하면서 힐링했어요~ ㅎㅎㅎ 일단 인테리어가 너무너무 예뻐요. 말차카스테라랑 과일도 주셨는데 넘 맛있게 잘 먹었습니댱! 예쁜 추억 만들고 갑니당❤️❤️🩷🩷
코삿호다,,red1235,25.10.10.금,사장님 친절하시고 커피도 좋아요. 가족 여행하다가 그냥 들렀는데 커피마시면서 뷰를 보니 너무 좋네요.
코삿호다,,Buzzinga25,25.8.26.화,사장님 너무 친절하셔서 판포포구 올때마다 들러요. 코코넛 스무디 진짜 미친존맛탱이에요. 베트남 콩카페보다 더 맛나요. !! 또 올게욧
코삿호다,,네잎 클로버 사랑,25.7.28.월,"한림읍 판포포구 바로 앞에 위치한 아담하고 귀여운 카페. 이름도 앙증맞게 ""코삿 호다"" 아이들 판포 포구에서 물놀이 하는 동안 우리 부부는 애들 보면서 카페에 앉아 김밥과 컵빙수로 배고픔과 더위를 날렸습니다ㆍ 보기엔 가격대비 양이 너무 적나 싶었는데 생각보다 양도 많고 이것저것 많이 들었어요ㆍ 컵빙수 강추요ㆍ 맛도 있어요ㆍ 땡볕에 돌아다니다 와서 이거 한그릇 먹으니 3분의 2정도 먹으니 좀 춥다 할 정도? 애들한테는 미안하지만 ㅎㅎ 정말 맛있게 잘 먹었어요ㆍ 또 바깥뷰도 너무 예뻐요ㆍ"
코삿호다,,운복15,25.7.11.금,여기 수박주스 최고에요!! 엄청 당도 높은 수박 ㅠㅠ♥️☺️ 위에 수박 올려주시는 센스💗
코삿호다,,star1471,25.6.30.월,판포포구 물놀이하고 먹기 딱이에요 ㅎㅎ 맛있어요
코삿호다,,goodwear,24.9.19.목,비싼 ㅎㅎ
코삿호다,,ㅇ7967,24.8.27.화,마셔본 수박주스 중 여기가 제일 맛있었어요☺️ 사장님도 너무 친절하세요 매년 여름 오고 싶은 곳이에요~
코삿호다,,sun****,24.6.3.월,굿 👍
카페리나,,travellers12,3.23.월,커피 향이 정말 신선
카페리나,,수박박박수,2.10.화,따뜻한 복숭아차 추천해요🍑 걷다 우연히 발견한 카페였는데 고양이 소품들이 가득한 사랑스러운 공간이었어요~!
카페리나,,lulu3,1.31.토,"스크런치 선물할 친구에게 잘어울릴것같아요!! 청포도에이드 진짜 맛있어요!! 적당히 달달하고 깔끔, 청량해요. 고급진맛. 살짝씩 과육이 씹혀서 좋아요"
카페리나,,만지48,1.28.수,아내가 근처 병원에 가있는 동안 있을 카페를 찾다가 발견한 곳입니다. 카페 밖에서 창틀 너머로 보인 고양이를 기대하며 들어 갔지만 아쉽게도 고양이는 사장님과의 독대중이었던 것 같았습니다.  카페 내부에 고양이 모양의 장식이 많이 보이는 걸 보니 사장님께서 확신의 애묘인이신 것 같습니다.  저 혼자 왔음에도 난로를 두 개나 켜주셔서 몸이 데워지기 전에 마음이 먼저 데워졌습니다. 커피는 따뜻한 아메리카노를 주문했습니다. 향이 좋고 너티한스타일을 좋아하는 제게 잘맞는 맛이었고 머그잔 까득 담아주셔서 아내를 기다리는 시간이 길어져도 부담없었을 것 같았습니다.  조용하고 차분히 시간이 흐르는 곳에 있어서인지 노트에 끄적이는 글도 잘 이어졌습니다. 더 있고 싶었지만 생각보다 일찍 진료가 끝나 조금 아쉬웠습니다.
카페리나,,lulu3,25.11.15.토,두달후작성하는리뷰!! 이곳 카페의 파운드케잌과 고양이 쿠키를 좋아한다. 얼그레이파운드 보다는 녹차파운드케잌이 갓구웠는지 엄청 맛있었다! 저 차이름이 뭐더라? 개복숭아 내기준 조금 달았지만 달면서 뜨거운게 필요하면 매력있다 특히 겨울에. 가끔 생각날때 찾아가는 카페 매장도 예쁘고 힐링된다
카페리나,,무저,25.10.29.수,귀여운 고양이 컨셉의 소품샵+카페 🐈☕️ 아기자기하고 분위기 차분해서 너무 좋아요 오랜만에 들렸는데 바빠서 테이크아웃만 했네요 잠깐 머물렀지만 늘 들리면 기분좋은 곳☘️ 커피 짱 맛있어요!
카페리나,,레나레나시레나,25.10.8.수,고양이 그림 그려진 입간판 보고 홀린듯 들어갔는데 귀여운 소품 판매하는 아늑한 카페였어요! 이번에는 소품만 구매하고 나왔는데 다음에는 카페메뉴도 즐겨보겠습니다 ♥ 귀여운 소품 많고요. 사장님이 아주 친절하세요!
카페리나,,무저,25.9.10.수,내돈내산 ✌🏻번째 방문!! 고산에 오면 꼭 들리는 카페입니다 🧡 고양이 좋아하시면 더 추천해요🐈🐈‍⬛ 아기자기하게 소품들이 있어서 구경하기 좋고 자리마다 고양이 책들이 올려져있어요ㅋㅋㅋ😻  무엇보다!! 커피가 진하고 맛있어요 ☕️ 수제브라우니도 짱맛있음...🍪🍪 음악도 조용해서 책 읽거나 작업하기 좋고 기분 좋은 재즈 나와서 아늑하고 편하게 쉬기 좋아요 저절로 평화로워짐🌳😌 사장님도 친절하시고 자주 오겠습니다💕
카페리나,,김짱님,25.7.17.목,더위를 피해 우연히 찾은 카페입니다. 조용하고 아늑한 분위기에요💛 고양이들은 나오지 않아서 만질수는 없었고 창문 너머로 구경했는데 힐링이네용ㅎ ㅎ 커피도 달달 시원하고 맛있었습니다🥰
카페리나,,앗끄시,24.11.4.월,"카페 분위기도 지브리 감성 + 아기자기한 우드톤의 인테리어라 정말 예쁘고, 디저트까지 맛있는 곳이에요 💕 🥹 저는 레몬이랑 얼그레이 파운드케이크 포장해왔는데 글레이즈가 녹을까봐 따로 챙겨주시기까지... ♡ 사장님께서 넘 친절하시구 카페가 주는 특유의 분위기와 감성이 넘나 사랑스러운 곳 😘 !!! 고즈넉하게 시간 보내시기에도 좋고, 테이크아웃해서 디저트랑 음료만 맛봐도 넘 맛있어요♡ 데이트 장소, 모임 장소로도 추천추천 !!! 전 다음에 제주도 가게되면 또 방문할거에요 !!"
생각하는정원갈치식당,,dore,24.10.11.금,커피가 너무 맛있어요 사장님께서 맛 보고 샷 추가해주신다고 여쭤봐주셔서 세심함이 느껴졌습니다 잘마셨습니다
생각하는정원갈치식당,,봄달부부,24.1.27.토,제주한경맛집 제주갈치맛집 ‘생각하는정원갈치식당’  맛있는 갈치도 배부르게 먹고 생각하는 정원까지 구경할 수있어 참 좋았어요:-) 특히 신선한 통갈치는 말할것도 없고 함께 제공되는 밑반찬들이 정말 정갈하고 맛있었고 특히 조가들어간 찰진 밥과 국물이 뽀얀 미역가득 미역국까지! 엄마가 차려주신 반찬들 같지 맛있었어요:-) 특히 부모님과 함께 오시면 더더더 좋을 것같아요  어쩜 갈치구이정식을 먹는데 이런 멋진 정원뷰와 함께 먹을 수 있겠어요? 무조건 강추추추추추해요:-)
생각하는정원갈치식당,,앤써1519,24.1.13.토,갈치 크기가 진짜 장난아니더라고요!! 아이들과 함께 왔는데 애들도 진짜 잘 먹고 음식도 정갈해서 부모님 모시고 와도 너무 좋을것같아요 정원도 둘러보았는데 산책코스로 넘 좋고 예쁜 포토스팟도 많았어요
생각하는정원갈치식당,,dooboo19,23.12.15.금,갈치가 너무 신선하니 맛있어요!!! 밥과 미역국과 반찬들도 정갈하게 잘 나오면서 자극적이지도 않고 완전 맛있는 한상❤️ 갈치 가시도 잘 발리고 으스러지는 갈치가 아니라 완전 맛있게 잘 먹을 수 있었어요!
생각하는정원갈치식당,,보성7324,22.4.13.수,제주 여행동안 먹은 갈치조림중 제일 맛있었어요 다시오고 싶은 곳이에요
생각하는정원갈치식당,,miffy834,21.9.24.금,좋아요
생각하는정원갈치식당,,gag****,21.3.22.월,좋아요
웨스트311,,홀리데이맨64,24.3.10.일,테니스치고 바로 에이드시켜 먹으니 👍🏻  담에 내기게임하고 먹어도 좋겠어요!!!
웨스트311,,icd****,24.3.10.일,맛있는 커피와 음료를 마시면서 테니스 치는 것도 보고 좋았어요. 사장님이 친절하게 응대해주셔서 감사했어요. 담에 또 올께요^^
웨스트311,,뿅59,24.3.3.일,여기 진짜 괜찮네요!  아늑하고 한적하게 오래 머물러도 괜찮구 옆에 테니스장에서 게임하는 것도 보여서 테니스 치시는 분들 오시면 더 좋으실 꺼 같아요^^  커피도 가성비 좋네요 원두 좋은거 쓰시는 거 같아요 여러 카페 돌아다니는데 굿👍🏻 (원두 사가시는 분도 계시더라구요)  디저트는 계속 추가 중이시래요 디저트도 맛있어서 다 먹고 왔어요ㅋㅋ  애기 데려갔었는데 딸기라떼 흡입하더라는... 한잔 더 먹었습니다ㅠ 생딸기라서 그런지 진짜 굿!  사장님~ 맛있었어요😊
고마루,,내사랑규야29,25.4.17.목,매일 생고기 굽다가 질리니까.. 양념고기 생각난게.. 매장에서 점심으로 맛나게 먹었던 기억에.. 바쁘지도 않은디.. 저래 포장 해줬어야 했나요? 진짜222 한림살때도 고산에서 근무하던 신랑 추천으로.. 일부러 왕복 40km를 달려와 먹던 곳인데.. 양도 작아지고.. 상추에서 밥맛 뚝 했어요.. 상추가 저래되서 오는게 진심 이해가 안가네요..
바다를본돼지 제주협재판포점,,wke****,4.21.화,너무 맛있게 잘먹었습니다~~또 올게요~!!!
바다를본돼지 제주협재판포점,,꽁3470,4.18.토,친절하고 분위기도 좋고 넘 마싯아요!!!!!!
바다를본돼지 제주협재판포점,,아리6280,4.18.토,여기 리뷰 수 보고 왔는데 개존맛 일단 입구에서 스타들 사인 있는데 페이커 사인 보고 아 여긴 맛집이다 했음 먹으니까 반찬 다 알차고 고기 진짜 맛잇음 동치미국수도 개존맛 잘먹엇습니다
바다를본돼지 제주협재판포점,,우뇨니2,4.18.토,오션뷰 맛집 ~~~ 굿굿
바다를본돼지 제주협재판포점,,윤명숙,4.17.금,정말 맛있어요~~ 남김없이 싹싹 먹었습니다 올해 먹은 고기중 최고 맛집!!!  # 제주 맛집 # 흑돼지 맛집
바다를본돼지 제주협재판포점,,잇힝5868,4.16.목,벌써 N번째 방문이에요ㅎㅎ 제주 올때마다 항상 이 지점으로만 옵니다! 뷰도 맛집 고기도 맛집👍
바다를본돼지 제주협재판포점,,sie****,4.16.목,너무 맛있어요 고기 질도 너무 좋고 부드럽고 담백한 맛이예요 같이 나오는 반찬도 고기랑 너무 잘어울리고 반려견 동반 가능이라 가족 전체와 같이 즐길수 있어 무엇보다 행복한 시간이였습니다
바다를본돼지 제주협재판포점,,hms****,4.16.목,점심특선으로 엄마랑 맛있게 먹고가요 가성비있고 된장찌개두 맛있어요
바다를본돼지 제주협재판포점,,Choilouis,4.15.수,"고기도 맛있고 쫀득하고 고사리,미나리 싸서 먹으니 넘넘 맛있어요.별미에요.강추입니다~"
바다를본돼지 제주협재판포점,,규생,4.13.월,"진짜 너무너무 맛있어요 2인분 조금 많을 정도로 딱 양도 좋고 고기도 다 구워주시고 미나리, 고사리도 섞어서 먹으니 너무 맛있어요 감사합니다!!"
한양동식당,,yum****,4.13.월,갈치도 가늘어졌고 치킨도 바삭하지만 딱딱하고 전만 못하네요ㅠ 1. 여자화장실 비데 앞쪽에 ㄸ도 묻어있고 2. 정수기 옆에 있는 새컵에도 이물질 묻어있고  위생에 좀 더 신경써야될 것 같습니다.
한양동식당,,제주맛집리뷰 NO1,4.7.화,한양동식당 조수리 맛집 NO1 줄서는 뷔페 피크시간은 피하는것이 좋겠어요 자리잡기× 혼자가도 빈자리 들어가서 같이 먹는곳 입니다. 저는 소식하는 편이라서 쪼끔만 퍼왔어요 맛있는것 인정합니다  #제주맛집리뷰no1 테이블 개념 아님. 죄석개념 식당
한양동식당,,조경구34,4.7.화,재료가 신선하고 가성비가 좋아요
한양동식당,,마르잔marjiansamtrading,4.6.월,"만이천에 메뉴 종류가 많고, 부드러운 갈치구이 많이 먹을 수 있어요~ 현지인이 소개 시켜준 식당입니다~ 줄서서 먹는 집입니다~ 2시까지만 영업을 합니다~ 친절합니다 ~"
한양동식당,,모모 ahah,3.18.수,한식뷔페 맛집 .. 제주에 이런곳이 있는줄도 몰랐던 저에게 신세계 맛집 이네요 . 이연복세프님이 극찬 한곳이라는데 역시 대박 입니다 .. 2시까지 한다고 하니 제주여행 가시면 꼭 한번 들려보시기를 추천 드리네요
한양동식당,,민이근이엄마,3.17.화,음식이 깔끔하고 맛있어요
한양동식당,,드가14,3.17.화,지나가다 들렀는데 맛있게 잘 먹었습니다 아강발 같은 거 나오는 한식뷔페는 첨이네유 번창하셔요
한양동식당,,drchuuk,3.16.월,올레길 13코스에서 약간 떨어졌지만 점심 먹기 위해 찾은 유명한 뷔페식당. 단체 손님들이 엄청 많다. 아마 저가여행 시 필수 방문 식당이 아닐까. 음식은 짜지도 않고 맛있고 칼치 튀김도 돼지고기 수육도 상치도 맛있다. 가성비도 높다.
한양동식당,,전과대,3.13.금,저지리가면 꼭 가세요 이 날은 쑥넣은 몸국이 너무 맛있었어요 11시 오픈런할때 가시면 좋습니다
한양동식당,,soheun,2.18.수,엄지척.. 가성비 최강..
뚱보아저씨,,Happy써니,4.19.일,너를 우째잊니..
뚱보아저씨,,Happy써니,4.10.금,가성비 미쳤네요 .. 생선 간 진짜 쩔어요
뚱보아저씨,,kyj****,4.1.수,기름에 튀겨서 인지 몰라도 겉바속초 입니다. 너무너무 맛있어서 계속 손이 가요. 고등어조림도 비리지 않고 너무너무 맛있어요.~👍🏻
뚱보아저씨,,언젠가요리왕,3.31.화,"*조림 2인 45,000원 *구이 정식 12,000원 일정이 변동되면서 우연히 방문하게 된건데 덕분에 제주 맛집을 한곳 더 알게 됐네요.  갈치구이는 튀기듯 구워졌는데 겉은 바삭 속은 부드럽고 간도 밥과 먹기 좋았어요. 정식에는 미니 사이즈 고등어조림이 함께 나왔습니다. 갈치조림은 양념이 맛있어서 밥 두 공기 가능한 맛이습니다."
뚱보아저씨,,J파람,3.23.월,맛있어요
뚱보아저씨,,Chloe YJ,3.18.수,튀긴갈치가 맛있어서 제주 올때마다 2번씩은 오는 식당인데 갈치크기가 랜덤이라--; 오늘은 좀 짜기도하구요. 밑반찬도 맛있고 해서 또 올거 같긴해요~
뚱보아저씨,,Cobaltb,3.14.토,이른 저녁 먹으러 갔는데 웨이팅 없어 너무 좋았어요.^^
뚱보아저씨,,ksu****,3.14.토,맛있어요
뚱보아저씨,,한글y,3.10.화,여기 꼭 오셔야해요...꼭이요..
뚱보아저씨,,하느리8230,3.8.일,ㅇㅇ
울트라마린 제주,,오갱쓰,4.12.일,비오는날 운치있어요
울트라마린 제주,,AZOMNI,3.3.화,제주 올때마다 들르게되는 카페에요. 전망이 죽여서 힐링되는 곳이에요. 강추하니깐 한번 와보세요. 현무암과 파도 보는 맛이 있어요.
울트라마린 제주,,bungle7,2.28.토,제주에 (제가) 첫 발 딛기 이전부터 핫플이었던 이 곳이 어느덧 장수 카페가 되었네요. 3번 정도 방문했던 듯한데 매번 흐릴 때마다 왔다가 때마침 맑은 날 오니까 포토존의 위엄이 되살아난 것 같습니다. 구관이 명관?😊. 여기 커피도 맛있습니다. 뷰와는 별도로 커피 즐기시는 분들도 좋아할 수 있겠어요.
울트라마린 제주,,cho****,2.20.금,여긴 너무~뷰가 좋아요. 앞에 바다도 볼 수 있는 여기로 와보세요.
울트라마린 제주,,또이7670,1.13.화,뷰가 너무 멋집니다. 탁 트인 바다뷰에 커피 한잔.. 힐링이네요 ㅎ
울트라마린 제주,,카미노드제주,25.12.27.토,"일주서로에 접해 있어 환상적인 바다뷰를 실내에서 감상할 수 있는 카페입니다. 인테리어 스케일이 남다른 곳에서 향긋한 커피도 마시고 연인과 가족과 힐링하기 좋은 곳, 꼭 방문해보세요.😍"
울트라마린 제주,,뿌아85,25.12.27.토,조아요
울트라마린 제주,,김마리0,25.12.23.화,쑥 케이크 맛있어요
울트라마린 제주,,카미노드제주,25.12.7.일,일주서로에 접해서 접근성도 뛰어나고 바닷가 바로 옆이라 그야말로 바다멍 하기 딱 좋은곳. 붉게 타오르는 석양은 덤입니다. 제주서쪽여행 필수코스 추천해요👍
울트라마린 제주,,gracejedi,25.12.5.금,작성중
마루나키친,,서현4470,4.22.수,게살도 꽉 차있고 하나도 비리지 않았어요 레몬밥이 완전 킥이었습니다 외관도 예쁘고 음식도 정갈해요~
마루나키친,,길쇼니치,4.20.월,"아이와 같이 방문했는데 직원분이 친절하게 응대 해주셔서 기분이 너무 좋았고, 음식도 잘 설명해주시고 너무 맛있었습니다!!"
마루나키친,,냐하하1162,4.20.월,제주도 갈때마다 꼭 갑니다 진짜강추요
마루나키친,,VIP 벤츠 스프린터 리무진,4.20.월,"우연히 지나가다 급하게 들른 곳이었는데, 기대 이상으로 만족스러운 식사였습니다. 음식은 하나같이 맛있었고 특히 게장은 하루 한정 수량이라고 하셨는데, 운 좋게 맛볼 수 있어 더욱 특별했습니다. 신선하고 깊은 맛이 정말 인상적이었습니다. 무엇보다 직원분들께서 매우 친절하게 응대해 주셔서 식사 내내 기분 좋게 머물 수 있었습니다. 우연히 방문했지만 다시 찾고 싶은 곳이며, 자신 있게 추천드립니다."
마루나키친,,dhn,4.20.월,제주도여행와서 우연히 들렀는데 아기도 잘먹고 맛있습니다.
마루나키친,,럭키하은,4.20.월,음식도 너무 맛있고 사장님도 너무너무너무 친절하시고 만족도 최고입니닷! 메뉴 설명도 잘해주시고 그만큼 더 맛있게 행복하게 식사했어여ㅠ감동서비스🥹👍 제주 살면 자주 가고싶네용 여행이라 아숩ㅠ 완전 추천하는 맛집입니당~~🍀
마루나키친,,베이지혜,4.19.일,오 너무 신선하고 맛있어요!! 돈까스랑 해물장을 같이 먹는 재미도 있고 밑반찬도 다 깔끔. 직원분도 너무 친절하셔서 기분좋게먹었어요. 또올게요!
마루나키친,,hs9****,4.19.일,직원분이 너무친절하고 너무맛있어요!!!! 분위기 정말좋고 예뻐요ㅎㅎ 제주도 판포포구쪽 오면 또 먹으러갈것 같아요ㅎㅎ
마루나키친,,eggseven,4.19.일,지나가며 꼭 가고 싶은곳이었는데 모든 음식이 너무 맛있고 분위기도 좋네요!! 그리고 진원분이 너무 친절해 감동받고 갑니다!! 다음에 꼭 또 다시 오고 싶어요!!^^
마루나키친,,여우별62,4.19.일,진짜 개맛있어요ㅠㅠ 허겁지겁 먹느라 사진도 없지만 해물모둠장 진짜 반드시 주문하세요! 여수에서 먹은 모든 게장집을 이겼습니다.. 가격도 혜자 그 자체👍🏻 제주도 올때마다 방문하겠습니당
제주할망밥상 차귀도점,,so so D,4.22.수,차귀도 뷰를 바라보며 먹는 생선구이 한상! 생선구이가 나오는 할망그날정식으로 먹었어요 생선이 간도 좋고 맛있어요 ㅅㅅ 다음엔 갈치조림 먹어 봐야겠어요 기대 친귀도 맛집 추천요!!
제주할망밥상 차귀도점,,Black yong,4.22.수,차귀도 맛집 입니다. 차귀도 들어가기전 밥먹고 들어가기 딱 좋은곳 제주생선구이 정말 맛있고 많이나오네요!!! 추천 입니다!
제주할망밥상 차귀도점,,zlzl키키,4.22.수,뷰가 너무 좋아요!!! 돌고래 보면서 밥먹을수 있어요 차귀도맛집이네요 제주생선구이도 맛볼 수있어서 아이들과도 방문하기 좋아요
제주할망밥상 차귀도점,,예린갓,4.22.수,"진짜 뷰도 너무 훌륭하고, 너무 이쁜 바다를 보면서 먹는 할망 정식은 체고에요!! 생선도 너무 맛있고 좋네요. 가파도 청보리 막걸리도 있어서 넘 좋네요.  <차귀도맛집> , 제주 생선구이 완전 맛있어요!"
제주할망밥상 차귀도점,,피자조아제주,4.21.화,푸짐하고 매장넓고 단체모임하기 좋아요
제주할망밥상 차귀도점,,연두언니12,4.20.월,부모님과 아이들 같이 왔는데 양도 많고 종류가 다양해서 너무 좋았어요 아이들이 여긴 꼭 리뷰남겨야 하는곳이라 하네요
제주할망밥상 차귀도점,,소망둥이13,4.18.토,여러가지 색다른 생선 반찬 모두 맛있게 잘 먹었어요
제주할망밥상 차귀도점,,노연주60,4.16.목,"할망 밥상 여기저기 가봤는데, 차귀도점 뷰도 너무 좋고 부모님과 왔는데 너무 만족 하셨어요. 잘 먹고 갑니다.!!뷰 맛집 생선 맛집!"
제주할망밥상 차귀도점,,shs****,4.16.목,할망 그날 정식 구성도 정말 알차고 종류별로 생선이 나오는데 다 맛있어요! 같이 나오는 반찬도 훌륭합니다 차귀도 맛집이여요! 잘먹고 갑니다
제주할망밥상 차귀도점,,par****,4.15.수,뷰도 이쁘고 친절하고 맛나요🙌
줄라이앤어거스트,,silverjewel,3.20.금,공간도 넓고 사진이 너무 잘 나와요
줄라이앤어거스트,,ife****,3.19.목,햇살좋은 봄날 와이프와 줄라이앤어거스트 방문했습니다. 커피도 맛있고 디저트도 맛있고 뷰가 맛집이라 사진 엄청 잘나오네요!
줄라이앤어거스트,,drchuuk,3.16.월,제주 올레13코스 상에 우연하게 만난 멋진 카페.  라떼 한잔으로 쉼을 누린다. 내부의 아기자기 한 소품도 멋지고 음악도 멋졌다 많은 순례객들이 다녀가길 기대해 본다
줄라이앤어거스트,,란나,2.20.금,"이번 제주 여행 중에 갔던 카페 중에 분위기 원탑이었어여!! 채광 맛집이라 창가 자리가 완전 포토존이구💚  빈티지 식기 구경 하는 재미도 쏠쏠 하고 공간이 넓어서 여유롭게 힐링하기 좋네여ㅎㅎ  시그니처 줄라이라떼는 엄청 고소하고, 복숭아라떼도과육 씹히는 맛이 최고였어요🤤 버터스콘 풍미가 대박이고 겉바속촉 그 자체🤎"
줄라이앤어거스트,,맛있으면노멘트,2.19.목,26.2.19. Th
줄라이앤어거스트,,조이로건,2.14.토,아침 일찍 방문하니 갓 나온 스콘도 먹을 수 있었고 시그니처 줄라이 어거스트 라떼를 같이 먹으니 너무 맛있었습니다! 라떼들 첫 한입 먹자마자 눈이 번쩍 떠지더라구요ㅎㅎ  스콘은 비스킷과 가까웠는데 속은 또 부드러운 스콘이고..딸기잼이랑 버터 같이 먹으니 완전 꿀맛 👍 너무 저희 취향이였습니다!  인테리어도 완전 예쁘게 해두셔서 사진도 잘 나오고! 부부 사장님 두분 모두 멋지고 친절하셔서 좋았습니당
줄라이앤어거스트,,jjangoooooo,2.9.월,"두번째 방문!! 🫖☕️ 공간이 참 예쁩니다^^~ 제주에서 가본 곳 중 다섯손가락 안에 들 정도로 너무 예뻐요, 디저트도 맛납니다 🍓"
줄라이앤어거스트,,먹을때행복이,1.22.목,카페 너무 예뻐요~!! 인테리어 하나하나 신경쓰신게 느껴져요~ 커피도 맛있습니다
줄라이앤어거스트,,라라의 맛있는 집밥,1.20.화,"아담하고 예쁜 카페 한참 찾다가 발견해서 왔어요. 창이 커서 채광이 좋아 카페 분위기가 따뜻하고 아늑해요. 곳곳에 아기자기한 소품이 많아서 구경하는 재미가 있네요.  아이스 아메리카노, 과테말라 필터커피, 복숭아라떼 주문했어요. 커피가 향도 좋고 맛있네요. 복숭아라떼에는 복숭아 알갱이가 가득 들어있어 식감도 좋고 맛있었어요.  다음에 제주 오면 또 들르고 싶은 카페예요. 힐링 잘 하고 갑니다."
줄라이앤어거스트,,부루92,1.5.월,카페가 유럽 온거처럼 소품이며 인테리어가 너무 이쁘고 드립커피 넘 깔끔하고 맛있어요~ 스콘이랑 먹기 딱!! 어거스트라떼도 옥수수크림맛 많이 나서 좋네요~~ 또 오고 싶은 카페!!
풍차와 전복,,메리엔메리,4.22.수,전복 버터구이 세트 아기랑 먹기 좋았고 너무 너무 맛있게 잘 먹고 갑니다^^*
풍차와 전복,,하놔바람,4.22.수,숙소 주변 맛집 검색해서 왔는데 현지 분들이 대부분인 식당이었습니다 맛있게 먹고 갑니다
풍차와 전복,,정옥찌,4.22.수,진짜 너어어어어어무 맛잇어요... 기본반찬 하나하나 다 정성스럽고 구이들은 알맞게 구워져서 입에 딱 맞아요 ㅠㅠ 태교여행중에 행복한 아침이었네요❤️
풍차와 전복,,떠꺼바,4.21.화,인터넷 검색후 첨 방문하는곳인데요~! 뷰맛집~^^전복 무침셋트 맛 짱임돠ㅎ 오늘 점심 메뉴 선택 진짜 잘한거 같네요ㅋ 담에 또 오고싶네욧ㅎ^^♡
풍차와 전복,,bky****,4.21.화,만육천원에 솥밥에 고등어구이에 게장에 미역국까지.. 진짜 맛있어요! 게우젓이란거 처음 먹어봤는데 .. 진짜 맛있구 전복이 안들어간데가 없어요! 물회에 소면 추가했는데 소면을 거의 2인분어치로 주시더라구요.. 사장님 큰손 인정입니다! 네이버 서치하다가 왔는데 이정도일 줄 몰랐어요! 다음에 제주도 다시 오면 또 오고싶어요!!
풍차와 전복,,이승제27,4.19.일,집으로 돌아가는 날 지인의 추천으로 방문한 식당입니다 메뉴는 제주에서 흔하지만 맛이나 깔끔함은 재방문을 생각하게합니다 잘먹고갑니다 다음에 또 올께요
풍차와 전복,,lee****,4.19.일,제주 서쪽 왔다가 유명한 전복 전문점이라고 해서 방문했습니다 전복버터구이 셋트 주문했는데 전복돌솥밥에 고등어구이에 전복버터구이까지 정말 다 흠잡을데 없이 완벽했어요 곁들임 반찬이랑 게우장도 다 맛있어서 싹싹 비웠답니다 또 방문할게요!
풍차와 전복,,kim****,4.19.일,전복버터구이세트! 아이들 먹기 좋은 고등어 구이와 한라산과 갓페어링 전복버터구이 정말 맛있게 먹고 가요:)
풍차와 전복,,둉로22,4.19.일,재료가 너무너무 신선하고 맛있어요!! 고등어구이는 정말 실하고 맛있고 전복버터구이는 대박입니다.. 부드럽고 녹진하고 너무 맛있어요!! 아기의자도 구비되어있어 아기와 함께 맛있게 먹었습니다^^
풍차와 전복,,mjkl6666,4.19.일,전복 무침 세트 양도 많고 너무 맛있어요 :) 2인이 배불리 먹었어요 추천입니다!!
하소로커피,,trebelle,4.21.화,스콘 찾다가 한경면까지 왔습니다. 호밀로 스콘을 직접 만드시다니요.!! 제주에서 호밀빵 찾기가 하늘에 별따기인데...;;  커피는 원두를 고를 수 있어서 아주 좋았습니다. 개인적으로 산미를 안 좋아해서 고소한 아메리카노~ 시그니처 라떼와 짭쪼리한 스콘~ 만족 가득 담아 갑니다. ㅎ  참~ 텀블러 들고가면 커피백(1개)도 선물로 주십니다. 참고하세요~^ㅡ^
하소로커피,,yaung69,4.16.목,커피도종류가 다양하고 분위기도 넘이뻐요
하소로커피,,Risso,4.7.화,커피도 맛있고 분위기도 좋아서 책읽기도 좋아요~ 와이프랑 간만에 즐겁게 카페 데이트 했습니다
하소로커피,,Mmargarett,4.4.토,라테가 너무 맛있어요!! 지인들 선물로 원두랑 드립커피도 샀는데 선물하기도 너무 좋아요 오전이라 사람들도 없고 여행와서 마셔본 커피중에 젤 맛있었어요!!
하소로커피,,Cloud9996,4.3.금,"☕ 제주 조수리에서 만난 인생 커피, '하소로 커피'  제주 서쪽 조용한 마을 조수리에서 정말 제대로 된 로스터리 카페를 발견했어요! 공간이 주는 차분함 덕분에 여행 중 잠시 쉬어가기 딱 좋은 곳입니다.  1. 🌿 조용하고 감각적인 분위기 마을 풍경과 어우러진 카페 외관부터 내부의 감각적인 인테리어까지, 제주만의 여유로움이 가득 느껴집니다. 혼자 방문해서 창밖을 보며 커피 한 잔의 여유를 즐기기에 이보다 더 좋을 수 없더라고요.  2. ☕ 특별한 아메리카노 이곳의 아메리카노(특별한)를 마셔봤는데, 정말 이름 그대로 '특별'합니다. 기분 좋은 산미와 깔끔한 뒷맛이 입안을 산뜻하게 해줘요. 로스팅 실력이 대단하시다는 게 한 입 마시자마자 느껴집니다!  제주의 진정한 커피 맛집! 하소로 커피, 재방문 의사200%"
하소로커피,,깽이5548,4.2.목,"(200% 내돈내산 리뷰입니다) 지난 여행 때 마신 커피 맛이 잊혀지지않아서 다시 방문했어요! 여행 경로에서 벗어나도 찾아갈만큼 여전히 맛있네요~! “맛있는” 커피를 좋아해서 여기저기 찾아자니는데, 하소로 커피는 그중 탑입니다..  다양한 원두 중에서 고르는 재미도 있고 다 맛있어서 줄어드는 걸 아쉬워하면서 먹었네요 ㅎㅎ (자칭) 커피 박사. 엄마도 황홀하다고 하셨어요 ~!  오래오래 장사해주세요~~!"
하소로커피,,adorablekiki,3.29.일,"오늘 아아는 특별한, 강력한 두 가지 다 크게 맛있게 느껴지지 않았어요. 조수리가 달콤해서 그런가? 디저트 좋아해서 빵 잘 나오는 카페 좋아하는데 여긴 스콘이 메인이고 (딱 한 번 먹어봤는데 쏘쏘) 바치케는 너무 맛없게 생겨서 패스.. 냥이 너무 귀여워서 힐링했어요"
하소로커피,,호기심만땅소녀,3.1.일,"기대가컸는지 살짝실망감 ㅜ 블랜딩 아메리카노마셨는데맛이 무난했어요. 공간은차분하고 포근해요. 스콘이디저트인데 버터의깊고고소한 풍미보다약간 오일리한향이더나서 제취향이아니었고,  2층복층자리가하나있는데 나름주변에서어슬렁거리며노렸는데 앉으신분이한시이넘게안나가시네요 ㅋ 저와같은마음이었나봐요 ㅋㅋ 다음에기회되면 핸드드립으로마셔보고싶어요."
하소로커피,,봉순냥이,2.27.금,"카페 분위기도 좋고, 커피도 맛있어요. 스콘도 맛있게 먹었어요. 드립백과 원두도 판매해서 원두도 사왔어요. 창가쪽 자리엔 읽을만 한 책들이 제법 있어서 책 읽기도 좋아요. 그리고 고양이 소로가 귀여워요:)"
하소로커피,,미이식가,2.16.월,커피 원두 신선해서 자주 이용합니다~^^
모살왓가든,,kkk****,4.11.토,로컬지인추천으로 왔는데 흑돼지 정말 맛있게먹었어요 정신없이 먹느라 다 먹고나서야 사진 찍었네여 고기 밑반찬 찌개 뭐 하나 빠짐없이 좋았습니다 특히 며칠간 주차문제로 밥먹으로 갈때마다 스트레스 였는데 주차장이 넓어서 좋았어요
모살왓가든,,ouruni,3.14.토,내용 없음
모살왓가든,,달이 차오른다 가자,3.10.화,"자투리는 1인 200g인데 2인분 해서 300g이 안될 것 같습니다. 고기는 맛있었어요. 톳돌솥밥은 오천원인데, 톳이 최소 3일은 된 것 같아요. 식감과 향이 떨어집니다. 된장찌개는 3천원인데, 색과 맛이 된장찌개 색이 아니에요. 밑반찬은 다양하게 나옵니다. 장아찌가 맛있습니다. 톳 반찬과 콩나물무침은 만든지 오래됐어요 ㅜ"
모살왓가든,,omj****,2.12.목,음식이 맛있어요~
모살왓가든,,ㅁ네모,1.27.화,2명이서 흑돼지모듬 2인 주문했어요 양이 적지 않아서 배부르게 먹었습니다~ 계란찜도 안에 파가 들어있으니 맛있어요 상추도 싱싱하고 파절이도 맛있습니다
모살왓가든,,하랑아범65,1.8.목,현지인 맛집이에요 근처 펜션 사장님 소개로 왔는데 칠돈가 같은 맛과는 좀 다르네요. 현지인 맛집이고 반찬은 직접해주신것들이라 기성품 아니어서 좋았어요~~ 직원기타 사장님까지 중국분들 같은데 희안하게 친절합니다 ㅋㅋㅋㅋㅋㅋㅋ~~~ 찌개부터 고기까지 로컬틱하지만 퀄리티 매우좋고 셀프바 잘 되어있어 반찬 알아서 갖다먹기 편하네요~~^^
모살왓가든,,nsh2537,25.12.18.목,제주 한경 연탄구이 맛집 모살왓가든 가성비 흑돼지구이 맛집이더리고요
모살왓가든,,배츄토끼,25.12.16.화,제주에서 먹었던 흑돼지중 최고입니다! 진짜 고기 질이 최고에여 고소그자체ㅜㅜ 술이 꿀떡 다른 반찬들로 기교부린곳과 달라요..... 진짜 진정한 고긱술파 출동하세요~~~!! 👍👍 평점 5좀입니당.. 💕
모살왓가든,,코코63,25.10.14.화,고기가 쫄깃하고 맛있어서 아이들도 잘 먹고 톳밥도 맛나요~배불리 잘 먹고 가요 추천 합니다
모살왓가든,,산미있는라떼,25.10.10.금,제주도 오겹살 여기저기 웨이팅이 너무 길어서 세번째로 방문했는데 생각외로 맛있게 잘 먹었습니다. 공간도 크고 웨이팅도 없어서 편하게 야외자리에서 잘 먹었어요. 친절하시네요 고기질도 좋습니다 오겹살 목살도 괜찮은데 짜투리 살이 의외로 더 맛있었어요! 츄라이 해보시길
명리동식당 본점,,브라이언14,4.19.일,전국 자투리고기 원조 명리동식당에 왔어요. 여기 오시면 잘모르는분들은 흑돼지 먹는데. 여기는 자투리가 1등입니다. 물론 흑돼지도 맛나요. 김치찌게도 맛나니 한번 드셔보시길.
명리동식당 본점,,뻣쭈,4.9.목,"목살, 삼겹살, 자투리고기, 반찬 모두 정말 맛있었어요!! 아가랑 식당가면 고기굽기 힘든데 직접 구워주시니 편하게 먹을 수 있었어요^^ 아기의자도 있어서 아가가 편하게 먹을 수 있었고, 초딩 첫째는 자투리 고기가 너무 맛있다고 해서 추가해서 먹었어요~4인가족 고기 1kg 정말 맛있게 잘 먹었습니다♡"
명리동식당 본점,,별달집사,4.2.목,생각보다 웨이팅 금방 빠지고 맛은 흠잡을 곳 없이 좋았어요.. 많이 바쁘신 것 같긴해요 T-T
명리동식당 본점,,lee****,3.29.일,너무급히 먹는바람에 사진을못찍엇음요~ 10년전부터 1년에한번은꼭들리는 식당 사장님한결같으시고 고기질 한결같고 고기가성비 금액 변함없고 제주도 오시면 꼭한번 들릴만한 고기집입니다 완전강추 사이다 콜라 서비스감사했습니다 ^^ 번창하세요~
명리동식당 본점,,맘엔마미,3.25.수,맛있어요
명리동식당 본점,,kanta89,3.21.토,연탄불에 구워서 그런지 고기가 더 맛있음
명리동식당 본점,,Suvely2,3.1.일,가성비 좋고 맛나요 잘먹었습니다!
명리동식당 본점,,jjgongju1118,2.27.금,"자투리 고기와 김치전골 꼭 드셔보세요! 너무 맛있어요:) 직접 구워주셔서 식사도 편안하게 했고, 주차장도 따로 마련되어 있어서 좋았어요~"
명리동식당 본점,,joo****,2.26.목,소문듣고 왔는데 식감좋은 짜투리고기조 맛있고 목살도 단백하고 김치찌개도 진짜 좋아요. 재방문 의사 100%입니다~ 여행와서 잘~~~먹고 가요!
명리동식당 본점,,푸른산하,2.7.토,제주에 오면 늘 방문합니다. 10년전에도 오늘도~~ 평소에 먹던 퍽퍽한 목살이 아닌 부드러운 목살~ 오늘도 맛나게 먹고 갑니다.
한경가든,,Yonchi15,4.20.월,갈치 조림 구이 맛집이네요 우연히 들렀는데 유명인이 엄청 다녀갔네요 순살 갈치조림 최고예요 가성비 좋고 가시 걱정 없이 정말 맛있게 먹고갑니다. 둘이서 2인분 그리고 갈치 구이 까지 싹싹 먹었습니다 다시 오고싶네요
한경가든,,idh****,4.19.일,가금씩 와서 먹는 한경가든 고등어구이 정식 넘 맛있어요~~~♡ 밑반찬도 신선하고 깔끔 담백합니당^^
한경가든,,낭낭낭09876,4.18.토,"조미료 들지 않은, 근데 맛있는 맛이에요! 단체손님을 위한 테이블도 있고 메뉴도 알차요! 밑반찬도 맛있어요ㅠㅠ 부모님 모시고 다시 오고싶은집 입니다."
한경가든,,zla****,4.16.목,가시 발라내는 번거로움 없이 편하게 먹을 수 있고 자극적이지 않고 싱싱한 갈치의 맛까지 느껴져서 아이들이나 부모님 모시고 가기에도 좋은 메뉴 같아요 편하게 먹을 수 있으면서도 맛까지 제대로 잡은 곳이라 만족스러운 식사였습니다 👍  제주 여행 중 든든한 한 끼로 딱이었던 한경가든 다음에 또 방문하고 싶은 곳이에요 :) 제주 한경면 맛집! 제주 로컬맛집 인정!
한경가든,,rar****,4.16.목,오랫만에 와서 먹었는데 여전히 너무 맛있네요 ㅎㅎ
한경가든,,김구리구,4.14.화,"양파랑 무로만 맛을 낸다고 하셨는데 그래서 그런지 더 건강한 느낌이였어요 🥰 뼈도 다 발라져있고 야들야들 살코기만 있어서 애기보면서 밥먹기 너무 수월했고요..⭐️  특히 아이랑 같이 여행하시는 분들, 부모님 모시고 가는 여행이라면 더더욱 추천드려요! 자극적이지 않고 건강한 맛이라 누구나 좋아할 스타일이에요 😊  저는 다음 제주여행 와도 무조건 재방문 할꺼에요!!"
한경가든,,kkokkoma,4.13.월,"뼈없는갈치조림이랑 간장게장 주문했는데, 한경가든은 반찬부터 하나하나 다 정갈하고 맛있어서 기분 좋게 식사했어요. 갈치는 생물이라 그런지 살이 부드럽고 비린내 없이 정말 맛있었어요! 간장게장도 짜지 않고 밥도둑이에요 👍 매장 내부도 전체적으로 깨끗하고 정돈된 느낌이라 편안했고, 귀여운 마스코트 고양이까지 있어서 더 정감 갔어요 🐱 제주 오면 한경가든 또 방문하고 싶어요!"
한경가든,,영재공인,4.7.화,1. 현지인 인정 로컬맛집 오래된 내공 느껴졌음 재방문 많은 이유 있었음 찐로컬맛집분위기 2. 생물 갈치조림 깊은 맛 부드러운 살과 진한 양념 조화 뛰어났음 밥도둑 느낌 있었음 깊은맛갈치조림 3. 정성 가득한 반찬 구성 반찬 하나하나 손맛 느껴졌음 전체 밸런스 좋았음 정성가득한한상  #제주한경면맛집 #제주로컬맛집 #고산리맛집 #제주서쪽갈치조림 #수월봉맛집  https://blog.naver.com/hihjk21/224246148647
한경가든,,mizra39,4.7.화,내용 없음
한경가든,,22소댕22,4.6.월,순살 갈치조림이라 먹기 편하고 매콤한 양념이 자극적이지 않고 맛있었어요 밑반찬도 매우 깔끔하고 정갈해서 집밥 느낌나는 집이었답니다:)
종배네,,티파니니,25.5.19.월,저렴한 가격에 식사할 수 있는 곳 동네 밥집느낌
종배네,,건강하게2337,25.4.3.목,도민 소개 받고 갔는데 와 너무 배불리 잘 먹고 왔어요 고기 가득 얼큰한 김치찌개에 계란말이 너무 맛있고 돈까스도 고기가 두툼하니 맛있네요 이 가격에 솥밥이라니 대박 무엇보다 직원분들 친절하시고 사장님 넘 친절하셔서 제주도 여행에서 첫 식사 너무 맛있게 잘 먹고 갑니다♡♡♡
종배네,,제주낑언니,25.3.13.목,"가족들과 갈비 먹으러 왔어요 .. 양념목살2, 양념갈비2 5명이서 배부르게 먹고 왔습니다 ~ 굽는 사진은 재빠르게 먹느라 찍어두지를 못했네요 ㅠㅠ"
종배네,,pillip333,25.2.27.목,"지나가다가 들려본곳인데 정말 인생맛집이 될것같네요~ 김치찌개에 넣어주신 고기가 김치보다많구요. 계란말이는 왕만하고, 갈비탕은 왕갈비가4개나 들어있네요. 인삼 대추 파도 가득입니다. 정말 맛있게 잘먹고갑니당~~~~ 사장님도 엄청 친절해서 기분좋은 집입니당. 또올께요!!!"
종배네,,얄라숑님,25.2.16.일,친절한사장님. 반찬이 더 맛있어졌어요.
종배네,,제주낑언니,25.2.15.토,사장님 오늘도 맛있게 잘 먹었습니다 !! 다양한 밑반찬도 맛있고 돌솥밥에 양념갈비 너무 최고에요 ~ 서비스로 내어주신 천엽도 짱이였어요 !! 조만간에 또 식사하러 갈께요 😊
종배네,,제주낑언니,24.12.22.일,여기 점심 쌈밥정식 진짜 최고입니다 !! 1인 9000원 저흰 돌솥밥 추가 했어요 여기 돌솥밥 맛나거든요 !! 돌솥밥 추가 3.000원 네명이서 배터지게 먹고 52.000원 나왔어요 ~ 가성비 최고 입니다 👍🏻
종배네,,장준원,24.11.28.목,가족끼리 처음오는 제주도 처음 먹는 저녁인데 너무나 잘 고른거같아요 사장님도 너무 친절하시고 메인 맛은 물론이고 기본찬까지도 맛있어요! 멜젓 싫어했는데 멜젓에 고추랑 마늘 넣고 먹으니 진짜 맛있어서 추가까지 했네요 가족단위로 오기 너무 좋은곳입니다!
종배네,,lovelyhy,24.10.23.수,8월에 갔다가 여긴 갈비탕 한다고 가르쳐주셔서 담날 거리는 좀 되지만 갔는데 문을 안 열어서 ㅠㅠ 실패하고 10월에 다시 여행와서 들렸어요~^^ 젊은 예쁜 여성직원분 진짜 친절 하시고 밝고 기분좋게 잘 먹고 왔어요~♡ 담 여행 때 또 가자는 막둥이 ㅎㅎ 담에 또 갈게요~^^
종배네,,방실방실콩,24.10.3.목,숟가락 위 고기가 두루치기로 보이나요? 줄이 두어줄 간게 양념고기 남은거 같지 않으신가요? 새끼손톱만한 딱딱한 고기에서 부터 새끼손가락 굵기의 삼겹살과 자투리고기 목살등등 두루치기고기가 이럴게 나오는데는 첨보네요. 어떤분 후기보니 손님들 먹다남은 고기 모아놓은것 같다고 하시는데… 저도 그생각을 지울수가 없네요. 생고기를 구워먹었더라면 몰랐겠습니다만 김치찌개는 그나마 물에빠져 딱딱함을 모를수고 있겠으나 두루치기고기에 딱딱하게 마른고기라함은 재활용 의심이 되네요. 고기의 맛도 하나도 안느껴져서 신선도가 많이 떨어지는 고기임을 알 수 있네요. 오늘 배 안아프면 다행이겠어요. ㅠ. ㅠ 메뉴별 가격대거 저렴한 편이라 현지인들 많이 오시는 듯합니다.
올레집,,wav****,4.17.금,맛있어요 ㅎㅎ 우연히 방문했는데 좋았어요
올레집,,drchuuk,3.19.목,올레길 14코스 걷기 위해 도착한 곳에서 발견한 식당이다. 원래 10시 오픈인데 그날 도착하니 문이 열려있다. 동네분이 오셔서 일찍 열었다고 한다 찐 동네 맛집이다. 순대국 든든히 먹고 14코스 20km정도를 가뿐하게 완주했다.
올레집,,조아짱20,2.2.월,3년전 올레길 걷다가 맛본 순대국밥 너무 맛있어서 다시 찾아왔네요 여전히 신선하고 깔끔하고 냄새가 나지않아 맛있게 먹고 가네요
올레집,,메멘토57,1.24.토,"점성있는 몸국만 먹어봤는데, 여긴 맑은 몸국입니다. 반찬도 맛있고, 올레길 걷고 식사하기 딱 좋은곳입니다"
올레집,,tekern,25.12.29.월,오! 여기 진짜 맛있어요 아이들이 먹을 수 있을까 반신반의 했는데 완전 다들 잘 먹어요 가격도 완전 착합니다 ㅎㅎ 로컬 맛집 인정!! 😁😘❤️👍
올레집,,차긍정,25.12.17.수,몸국 한 번 먹어봤어요:) 담백하네요
올레집,,행복한밍그레,25.12.7.일,무심코 들어간집인데 진짜 맛집이예요 몸국을 처음먹어봤는데 찐 ..수프에 밥말아먹는듯한 ㅋㅋㅋㅋㅋㅋㅋㅋㅋ 순대도 맛있었어요!!!!꼭 몸국 드셔보시길
올레집,,Cobaltb,25.11.9.일,고사리 육개장 먹고 왔어요. 매운맛이 전혀 없어서 살짝 느끼히긴 하지만 자극이 없어서 좋네요.
올레집,,3후니 네,25.11.5.수,제주 여행중 지나다 무작정 들어가 먹었는데 맛있었어요 👍
올레집,,홍스012,25.10.8.수,좋아요
즈물,,kns****,4.19.일,가족과 제주 여행 중 들렀는데 분위기 최고였어요 동자석 파운드 하나하나 모양도 귀엽고 선물용으로 딱이에요 😍 풍미 깊고 맛있어서 모두 만족했어요 잔잔히 쉬기 좋습니다
즈물,,mal****,4.18.토,청수리 작은 숲 속에 자리한 즈물에 친구랑 다녀왔어요 한라산 케이크랑 에이드를 시켰는데 한라산 케이크 크림이 풍부하고 진짜 맛있어요 공간이 고요해서 마음이 편해졌습니다
즈물,,블루스카이386,4.17.금,한적한 마을 속 느긋함을 그대로 담아낸 카페예요 한라산케이크는 제주 재료로 만든 부드러운 텍스처가 인상적이라 걱정 없이 추천드려요 굿즈까지 골라서 선물하기에도 딱입니다 기념품 고르기에도 진짜 좋아요
즈물,,naw****,4.15.수,한라산케이크가 진짜 맛있구요~ 가게가 조용하고 아기자기해서 사진 찍기 좋고 사장님 감각도 넘 좋아요 😊 동자석 파운드는 선물용으로도 강추라 나가면서 구매했어요!
즈물,,nao****,4.14.화,즈물은 곶자왈을 닮은 식물들로 둘러싸여서 들어서는 순간 숨이 고여지는 곳이에요 한라산 케이크는 입에서 제주 느낌이 폭발하듯 맛있어요 친구와 천천히 수다 떨기 좋았어요 주차도 가능해서 여행 중 들르기 편했어요
즈물,,풀65,4.1.수,내용 없음
즈물,,ovo****,3.27.금,우연히 왔는데 고즈넉 도라방스.. 즈물라떼랑 한라산 케이크 너무 취저입니다 한적하고 따듯해서 잘 쉬다갑니다
즈물,,제주인플루엔자,3.17.화,여기 너무 예쁜데요. 사장님이 남자분인데 미적 감각이 대박입니다. 특히나 동자석 모양으로 파운드를 만드는데 완전 졸귀탱이네요. 먹기가 아까울 정도입니다. 카페 내부가 너무 예쁘고 미술 작품도 전시되어 있어서 구경하는 재미가 쏠쏠합니다. 파운드도 상당히 맛있고 전반적으로 만족도가 높았습니다. 여행객분들 기념품 고르기 어려우실텐데 동자석 파운드 사가보세요. 지인들이 다 좋아할 것 같아요. 한경 카페를 찾는 분들은 꼭 가보시길 바랍니다!!!
즈물,,yjc****,3.10.화,"제주 여행 중 외관의 커다란 빨간 리본에 이끌려 들어간 '즈물'! 선물 상자 같은 인테리어부터 기분이 좋아지는 곳이었어요. 🎁 가장 기대했던 한라산 케이크 소금우유맛은 정말 감동이었어요! 한라산을 형상화한 비주얼도 너무 멋진데, 한 입 먹자마자 느껴지는 짭조름하면서도 고소한 우유 풍미가 일품입니다.🥛✨ 무엇보다 좋았던 점은 커피 원두를 고소한 맛과 산미 있는 맛 중 선택할 수 있다는 거예요! 취향에 맞게 고소한 원두로 골랐는데, 진하고 묵직한 바디감이 달콤한 디저트와 찰떡궁합이었습니다. ☕️ 귀여운 목도리를 두른 동자석 키링과 소품들도 너무 사랑스러워서 구경하다 보니 시간 가는 줄 몰랐네요. 제주 동쪽에서 특별한 디저트와 아늑한 분위기를 찾는다면 무조건 추천입니다. 👌"
즈물,,owen531,3.3.화,우연히 주변카페를 찾다가 여기를 왔는데 너무 잘왔다는 생각이 들었습니다. 동자석으로 표현한 파운드나 한라산 케이크가 너무 맘에 들구 무엇보다 가게 인테리어가 너무너무 맘에 들어서 꼭 여기는 혼자 책을 들고 다시 와보고싶은 곳이다라는 생각을 했습니다. 다음 제주도 여행에는 일정에 즈물을 넣어놓을려구요ㅎㅎ
